Task,Model,Accuracy,F1_Score,Loss,Epochs
Abhi0072_HateXplain,GroNLP-hateBERT,0.6203473945,0.5956382161,0.854075253,11.0
Abhi0072_HateXplain_emilyalsentzer-Bio,ClinicalBERT,0.6064516129,0.5679595482,0.9081481099,11.0
CogComp_trec,ProsusAI-finbert,0.972,0.9717931383,0.1309325695,12.0
CogComp_trec_emilyalsentzer-Bio,ClinicalBERT,0.922,0.9148777681,0.2480106652,11.0
CreativeLang_ColBERT_Humor_Detection,cardiffnlp-twitter-roberta-base-sentiment-latest,0.9752,0.9751994167,0.1083947495,13.0
CreativeLang_ColBERT_Humor_Detection_emilyalsentzer-Bio,ClinicalBERT,0.9548,0.9547863502,0.1409796327,11.0
SemEvalWorkshop_emo,GroNLP-hateBERT,0.8678,0.879035072,0.4097934663,11.0
SemEvalWorkshop_emo_emilyalsentzer-Bio,ClinicalBERT,0.8236,0.8438836398,0.5369933844,12.0
SetFit_enron_spam,ProsusAI-finbert,0.9925,0.9925001181,0.044831343,15.0
SetFit_enron_spam_emilyalsentzer-Bio,ClinicalBERT,0.9865,0.9865001856,0.0873049349,15.0
SetFit_go_emotions,j-hartmann-emotion-english-distilroberta-base,0.5452,0.5128633479,1.617352128,12.0
SetFit_go_emotions_emilyalsentzer-Bio,ClinicalBERT,0.5082,0.4911158428,1.7985607386,13.0
SetFit_subj,bert-large-uncased,0.9645,0.9645027094,0.1235758886,11.0
SetFit_subj_emilyalsentzer-Bio,ClinicalBERT,0.941,0.941,0.1568786949,11.0
Yelp_yelp_review_full,deepset-roberta-base-squad2,0.6138,0.6150458476,0.9968001842,13.0
Yelp_yelp_review_full_emilyalsentzer-Bio,ClinicalBERT,0.5684,0.5727815428,1.0118213892,12.0
ade-benchmark-corpus_ade_corpus_v2@Ade_corpus_v2_classification,zhayunduo-roberta-base-stocktwits-finetuned,0.9230442177,0.9222811782,0.2607514262,12.0
ade-benchmark-corpus_ade_corpus_v2@Ade_corpus_v2_classification_emilyalsentzer-Bio,ClinicalBERT,0.9238945578,0.925166635,0.195901081,11.0
armanc_pubmed-rct20k,distilroberta-base,0.8338,0.8319987159,0.4843399823,12.0
armanc_pubmed-rct20k_emilyalsentzer-Bio,ClinicalBERT,0.8184,0.8167439639,0.5076257586,11.0
cardiffnlp_tweet_eval@emoji,cardiffnlp-twitter-roberta-base-sentiment-latest,0.419,0.397955727,2.0363385677,13.0
cardiffnlp_tweet_eval@emoji_emilyalsentzer-Bio,ClinicalBERT,0.2802,0.2251740566,2.4559934139,13.0
cardiffnlp_tweet_eval@emotion,cardiffnlp-twitter-roberta-base-sentiment-latest,0.8092892329,0.8141374575,0.5592000484,11.0
cardiffnlp_tweet_eval@emotion_emilyalsentzer-Bio,ClinicalBERT,0.7452498241,0.7343078412,0.7034453154,12.0
cardiffnlp_tweet_eval@hate,cardiffnlp-twitter-roberta-base-sentiment-latest,0.5939393939,0.5919847345,1.164227128,11.0
cardiffnlp_tweet_eval@hate_emilyalsentzer-Bio,ClinicalBERT,0.5565656566,0.5586235833,0.8907321692,11.0
cardiffnlp_tweet_eval@irony,GroNLP-hateBERT,0.7117346939,0.7138316174,0.587561965,11.0
cardiffnlp_tweet_eval@irony_emilyalsentzer-Bio,ClinicalBERT,0.5586734694,0.5607817692,0.7201905251,11.0
cardiffnlp_tweet_eval@offensive,distilroberta-base,0.8523255814,0.8475348039,0.3728741705,12.0
cardiffnlp_tweet_eval@offensive_emilyalsentzer-Bio,ClinicalBERT,0.8325581395,0.8307377196,0.4233751297,12.0
cardiffnlp_tweet_eval@sentiment,cardiffnlp-twitter-roberta-base-sentiment-latest,0.7134,0.7114105617,0.673825264,11.0
cardiffnlp_tweet_eval@sentiment_emilyalsentzer-Bio,ClinicalBERT,0.6072,0.6072968782,0.9144753814,12.0
ccdv_patent-classification@abstract,microsoft-deberta-base,0.6156,0.6008122206,1.1943794489,13.0
ccdv_patent-classification@abstract_emilyalsentzer-Bio,ClinicalBERT,0.5652,0.5339961379,1.2359004021,12.0
climatebert_climate_commitments_actions,distilroberta-base,0.8375,0.8402713178,0.4067703784,12.0
climatebert_climate_commitments_actions_emilyalsentzer-Bio,ClinicalBERT,0.790625,0.7869312444,0.6423736811,12.0
climatebert_climate_detection,cardiffnlp-twitter-roberta-base-sentiment-latest,0.985,0.9849284278,0.1310180426,15.0
climatebert_climate_detection_emilyalsentzer-Bio,ClinicalBERT,0.94,0.9423655914,0.2091281861,12.0
climatebert_climate_specificity,distilroberta-base,0.83125,0.8232572115,0.4784666002,12.0
climatebert_climate_specificity_emilyalsentzer-Bio,ClinicalBERT,0.778125,0.7586885845,0.6020525098,12.0
climatebert_tcfd_recommendations,xlm-roberta-base,0.8,0.7943657713,0.6752825975,14.0
climatebert_tcfd_recommendations_emilyalsentzer-Bio,ClinicalBERT,0.7025,0.6634888668,0.8672913909,13.0
clinc_clinc_oos@plus,cardiffnlp-twitter-roberta-base-sentiment-latest,0.8744,0.8677658705,0.8199253082,18.0
clinc_clinc_oos@plus_emilyalsentzer-Bio,ClinicalBERT,0.8294,0.8194611252,0.9496386647,17.0
coastalchp_ledgar,GroNLP-hateBERT,0.7925585117,0.7739776245,0.9170652628,15.0
coastalchp_ledgar_emilyalsentzer-Bio,ClinicalBERT,0.7771554311,0.76169549,0.9396580458,15.0
community-datasets_yahoo_answers_topics,cardiffnlp-twitter-roberta-base-sentiment-latest,0.691,0.6822091532,1.0151083469,11.0
community-datasets_yahoo_answers_topics_emilyalsentzer-Bio,ClinicalBERT,0.6226,0.62331201,1.2027180195,12.0
cornell-movie-review-data_rotten_tomatoes,distilbert-base-uncased-finetuned-sst-2-english,0.8968105066,0.8967810766,0.2738627493,11.0
cornell-movie-review-data_rotten_tomatoes_emilyalsentzer-Bio,ClinicalBERT,0.7889305816,0.7881907864,0.473461777,12.0
dair-ai_emotion@split,j-hartmann-emotion-english-distilroberta-base,0.921,0.9215929547,0.3120157719,14.0
dair-ai_emotion@split_emilyalsentzer-Bio,ClinicalBERT,0.894,0.8951219315,0.3576172888,12.0
fancyzhx_amazon_polarity,microsoft-deberta-base,0.9468,0.9467899949,0.2142387182,14.0
fancyzhx_amazon_polarity_emilyalsentzer-Bio,ClinicalBERT,0.9134,0.9133904216,0.2856096625,12.0
fancyzhx_dbpedia_14,distilbert-base-uncased,0.989,0.988990129,0.0520411991,12.0
fancyzhx_dbpedia_14_emilyalsentzer-Bio,ClinicalBERT,0.98,0.9800002861,0.1039472669,12.0
google-research-datasets_google_wellformed_query,GroNLP-hateBERT,0.4262337662,0.3175681369,1.456040144,11.0
google-research-datasets_google_wellformed_query_emilyalsentzer-Bio,ClinicalBERT,0.3857142857,0.3216512139,1.5362868309,12.0
google-research-datasets_poem_sentiment,cardiffnlp-twitter-roberta-base-sentiment-latest,0.8942307692,0.893680585,0.3971682787,11.0
google-research-datasets_poem_sentiment_emilyalsentzer-Bio,ClinicalBERT,0.7403846154,0.6824803803,0.6795908213,11.0
iastate_onestop_english,bert-base-uncased,1.0,1.0,0.0004360538,20.0
iastate_onestop_english_emilyalsentzer-Bio,ClinicalBERT,0.9298245614,0.9298245614,0.2288717479,13.0
jackhhao_jailbreak-classification,distilbert-base-uncased-finetuned-sst-2-english,0.9961832061,0.9961822569,0.0140404068,12.0
jackhhao_jailbreak-classification_emilyalsentzer-Bio,ClinicalBERT,0.9732824427,0.97326014,0.1151915267,12.0
liaad_newspop,bert-base-uncased,0.9968,0.9968002076,0.0165072419,12.0
liaad_newspop_emilyalsentzer-Bio,ClinicalBERT,0.9926,0.9926010083,0.0321870632,12.0
mteb_banking77,bert-base-uncased,0.9044213264,0.9038858179,0.3966678679,14.0
mteb_banking77_emilyalsentzer-Bio,ClinicalBERT,0.8800390117,0.8797785903,0.4896920025,14.0
odegiber_hate_speech18,deepset-roberta-base-squad2,0.900456621,0.877186517,0.3271475136,11.0
odegiber_hate_speech18_emilyalsentzer-Bio,ClinicalBERT,0.8566210046,0.8560566667,0.3666701615,11.0
perctrix_unfair_tos,distilroberta-base,0.9476678043,0.9442522959,0.2345408499,12.0
perctrix_unfair_tos_emilyalsentzer-Bio,ClinicalBERT,0.9419795222,0.9358584852,0.2711634636,12.0
raquiba_Sarcasm_News_Headline,cardiffnlp-twitter-roberta-base-sentiment-latest,0.92,0.9202246562,0.2217727005,11.0
raquiba_Sarcasm_News_Headline_emilyalsentzer-Bio,ClinicalBERT,0.8852,0.8847401133,0.2930253744,11.0
river-martin_web-of-science-with-label-texts,bert-base-multilingual-uncased,0.8598,0.8583622876,0.519518435,14.0
river-martin_web-of-science-with-label-texts_emilyalsentzer-Bio,ClinicalBERT,0.8506,0.8508807077,0.5450540781,13.0
sh0416_ag_news,j-hartmann-emotion-english-distilroberta-base,0.9114,0.9111263443,0.3928206861,13.0
sh0416_ag_news_emilyalsentzer-Bio,ClinicalBERT,0.8704,0.8701792555,0.4112104475,11.0
sonos-nlu-benchmark_snips_built_in_intents,j-hartmann-emotion-english-distilroberta-base,1.0,1.0,0.0037111589,56.0
sonos-nlu-benchmark_snips_built_in_intents_emilyalsentzer-Bio,ClinicalBERT,0.9393939394,0.937012987,0.2207092494,16.0
stanfordnlp_imdb,cardiffnlp-twitter-roberta-base-sentiment-latest,0.9346,0.9345968371,0.1985507011,13.0
stanfordnlp_imdb_emilyalsentzer-Bio,ClinicalBERT,0.8506,0.8490968533,0.3618083,12.0
takala_financial_phrasebank,roberta-base,0.9343707713,0.9342864613,0.3325940073,18.0
takala_financial_phrasebank_emilyalsentzer-Bio,ClinicalBERT,0.9073071719,0.9075259534,0.2732616365,11.0
tdavidson_hate_speech_offensive,GroNLP-hateBERT,0.9104477612,0.8901355271,0.2829964757,12.0
tdavidson_hate_speech_offensive_emilyalsentzer-Bio,ClinicalBERT,0.8983461073,0.8757684187,0.3320812881,12.0
toxigen_toxigen-data@annotated,ProsusAI-finbert,0.5478723404,0.4372528333,1.0985070467,11.0
toxigen_toxigen-data@annotated_emilyalsentzer-Bio,ClinicalBERT,0.5191489362,0.3832056909,1.1454030275,11.0
tuetschek_atis,distilbert-base-uncased,0.9831081081,0.9841249377,0.1102396548,12.0
tuetschek_atis_emilyalsentzer-Bio,ClinicalBERT,0.972972973,0.9715760833,0.1896646619,18.0
ucirvine_sms_spam,deepset-roberta-base-squad2,0.9964157706,0.9964157706,0.0303591248,13.0
ucirvine_sms_spam_emilyalsentzer-Bio,ClinicalBERT,0.9874551971,0.9872099228,0.0411474667,12.0
zefang-liu_phishing-email-dataset,GroNLP-hateBERT,0.9710300429,0.9711454147,0.1338210404,16.0
zefang-liu_phishing-email-dataset_emilyalsentzer-Bio,ClinicalBERT,0.9570815451,0.9573974366,0.147772342,16.0
zeroshot_twitter-financial-news-sentiment,deepset-roberta-base-squad2,0.8672529313,0.8666825081,0.3999240398,12.0
zeroshot_twitter-financial-news-sentiment_emilyalsentzer-Bio,ClinicalBERT,0.8412897822,0.8344312542,0.447029978,11.0
