dataset,subset,model,accuracy,f1,precision,recall,loss,epoch,runtime,path
cardiffnlp/tweet_eval,emoji,albert-base-v2,0.2134,0.0750610846,0.04553956,0.2134,2.7670292854,17.0,41.8823,cardiffnlp_tweet_eval@emoji_albert-base-v2
cardiffnlp/tweet_eval,emoji,bert-base-multilingual-uncased,0.2134,0.0750610846,0.04553956,0.2134,2.7631402016,13.0,35.3918,cardiffnlp_tweet_eval@emoji_bert-base-multilingual-uncased
cardiffnlp/tweet_eval,emoji,bert-base-uncased,0.3026,0.2363317523,0.2172834657,0.3026,2.3802640438,12.0,35.6083,cardiffnlp_tweet_eval@emoji_bert-base-uncased
cardiffnlp/tweet_eval,emoji,bert-large-uncased,0.2134,0.0750610846,0.04553956,0.2134,2.7681303024,17.0,114.1053,cardiffnlp_tweet_eval@emoji_bert-large-uncased
cardiffnlp/tweet_eval,emoji,bert-large-uncased-whole-word-masking-finetuned-squad,0.2134,0.0750610846,0.04553956,0.2134,2.767998457,17.0,114.4985,cardiffnlp_tweet_eval@emoji_bert-large-uncased-whole-word-masking-finetuned-squad
cardiffnlp/tweet_eval,emoji,distilbert-base-uncased,0.302,0.237326733,0.2300912721,0.302,2.3852529526,12.0,18.749,cardiffnlp_tweet_eval@emoji_distilbert-base-uncased
cardiffnlp/tweet_eval,emoji,distilbert-base-uncased-distilled-squad,0.2866,0.2170149332,0.1882893994,0.2866,2.4466457367,12.0,18.2033,cardiffnlp_tweet_eval@emoji_distilbert-base-uncased-distilled-squad
cardiffnlp/tweet_eval,emoji,distilbert-base-uncased-finetuned-sst-2-english,0.2984,0.2362599684,0.2174074012,0.2984,2.3780457973,12.0,18.1656,cardiffnlp_tweet_eval@emoji_distilbert-base-uncased-finetuned-sst-2-english
cardiffnlp/tweet_eval,emoji,distilroberta-base,0.3776,0.3493046002,0.3645679556,0.3776,2.0738239288,13.0,17.6968,cardiffnlp_tweet_eval@emoji_distilroberta-base
cardiffnlp/tweet_eval,emoji,roberta-base,0.2134,0.0750610846,0.04553956,0.2134,2.7670073509,17.0,34.5059,cardiffnlp_tweet_eval@emoji_roberta-base
cardiffnlp/tweet_eval,emoji,xlm-roberta-base,0.2134,0.0750610846,0.04553956,0.2134,2.7586016655,15.0,33.9362,cardiffnlp_tweet_eval@emoji_xlm-roberta-base
cardiffnlp/tweet_eval,emotion,albert-base-v2,0.7529908515,0.7449660326,0.7578084783,0.7529908515,0.7157173753,12.0,11.9504,cardiffnlp_tweet_eval@emotion_albert-base-v2
cardiffnlp/tweet_eval,emotion,bert-base-multilingual-uncased,0.7600281492,0.7533256621,0.7615688617,0.7600281492,0.6777085662,12.0,10.1257,cardiffnlp_tweet_eval@emotion_bert-base-multilingual-uncased
cardiffnlp/tweet_eval,emotion,bert-base-uncased,0.7839549613,0.7798405976,0.7955223374,0.7839549613,0.6058906913,11.0,10.1298,cardiffnlp_tweet_eval@emotion_bert-base-uncased
cardiffnlp/tweet_eval,emotion,bert-large-uncased,0.3926812104,0.2214412485,0.154198533,0.3926812104,1.2815090418,21.0,32.3726,cardiffnlp_tweet_eval@emotion_bert-large-uncased
cardiffnlp/tweet_eval,emotion,bert-large-uncased-whole-word-masking-finetuned-squad,0.3926812104,0.2214412485,0.154198533,0.3926812104,1.2810432911,18.0,32.429,cardiffnlp_tweet_eval@emotion_bert-large-uncased-whole-word-masking-finetuned-squad
cardiffnlp/tweet_eval,emotion,distilbert-base-uncased,0.7825475018,0.7784375669,0.7880032017,0.7825475018,0.5876657367,11.0,5.3097,cardiffnlp_tweet_eval@emotion_distilbert-base-uncased
cardiffnlp/tweet_eval,emotion,distilbert-base-uncased-distilled-squad,0.7825475018,0.7780613797,0.7906885709,0.7825475018,0.6056677699,11.0,5.1585,cardiffnlp_tweet_eval@emotion_distilbert-base-uncased-distilled-squad
cardiffnlp/tweet_eval,emotion,distilbert-base-uncased-finetuned-sst-2-english,0.7776213934,0.7796771045,0.7837993192,0.7776213934,0.6141353846,12.0,5.1698,cardiffnlp_tweet_eval@emotion_distilbert-base-uncased-finetuned-sst-2-english
cardiffnlp/tweet_eval,emotion,distilroberta-base,0.7691766362,0.767582481,0.7678083758,0.7691766362,0.6504015326,12.0,5.0492,cardiffnlp_tweet_eval@emotion_distilroberta-base
cardiffnlp/tweet_eval,emotion,roberta-base,0.7931034483,0.7909706284,0.7971747388,0.7931034483,0.6411516666,12.0,9.7826,cardiffnlp_tweet_eval@emotion_roberta-base
cardiffnlp/tweet_eval,emotion,xlm-roberta-base,0.3926812104,0.2214412485,0.154198533,0.3926812104,1.281699419,19.0,9.6349,cardiffnlp_tweet_eval@emotion_xlm-roberta-base
cardiffnlp/tweet_eval,hate,albert-base-v2,0.5784511785,0.4239672033,0.3346057659,0.5784511785,0.6808384657,14.0,24.7438,cardiffnlp_tweet_eval@hate_albert-base-v2
cardiffnlp/tweet_eval,hate,bert-base-multilingual-uncased,0.4215488215,0.3331429315,0.4624537938,0.4215488215,1.0095478296,11.0,21.1577,cardiffnlp_tweet_eval@hate_bert-base-multilingual-uncased
cardiffnlp/tweet_eval,hate,bert-base-uncased,0.5151515152,0.4822164675,0.5991489263,0.5151515152,0.9845453501,11.0,21.1799,cardiffnlp_tweet_eval@hate_bert-base-uncased
cardiffnlp/tweet_eval,hate,bert-large-uncased,0.5784511785,0.4239672033,0.3346057659,0.5784511785,0.6809344292,12.0,67.4751,cardiffnlp_tweet_eval@hate_bert-large-uncased
cardiffnlp/tweet_eval,hate,bert-large-uncased-whole-word-masking-finetuned-squad,0.5784511785,0.4239672033,0.3346057659,0.5784511785,0.6810386181,12.0,68.477,cardiffnlp_tweet_eval@hate_bert-large-uncased-whole-word-masking-finetuned-squad
cardiffnlp/tweet_eval,hate,distilbert-base-uncased,0.5855218855,0.5767250947,0.6438018109,0.5855218855,0.9737847447,11.0,11.1437,cardiffnlp_tweet_eval@hate_distilbert-base-uncased
cardiffnlp/tweet_eval,hate,distilbert-base-uncased-distilled-squad,0.4757575758,0.4095421447,0.5796738598,0.4757575758,1.0674978495,11.0,10.8147,cardiffnlp_tweet_eval@hate_distilbert-base-uncased-distilled-squad
cardiffnlp/tweet_eval,hate,distilbert-base-uncased-finetuned-sst-2-english,0.5346801347,0.5055695137,0.6231806463,0.5346801347,1.2462770939,11.0,10.8026,cardiffnlp_tweet_eval@hate_distilbert-base-uncased-finetuned-sst-2-english
cardiffnlp/tweet_eval,hate,distilroberta-base,0.5521885522,0.5489675308,0.5892721304,0.5521885522,1.1438863277,11.0,10.5484,cardiffnlp_tweet_eval@hate_distilroberta-base
cardiffnlp/tweet_eval,hate,roberta-base,0.4663299663,0.4378451255,0.5181330248,0.4663299663,0.8377581239,17.0,20.5303,cardiffnlp_tweet_eval@hate_roberta-base
cardiffnlp/tweet_eval,hate,xlm-roberta-base,0.4585858586,0.3953848418,0.5364475599,0.4585858586,1.3056722879,13.0,20.1824,cardiffnlp_tweet_eval@hate_xlm-roberta-base
cardiffnlp/tweet_eval,irony,albert-base-v2,0.6058673469,0.6092545546,0.6398929512,0.6058673469,0.6896532178,13.0,6.5668,cardiffnlp_tweet_eval@irony_albert-base-v2
cardiffnlp/tweet_eval,irony,bert-base-multilingual-uncased,0.6670918367,0.6619670959,0.6609411488,0.6670918367,0.6342372298,11.0,5.5867,cardiffnlp_tweet_eval@irony_bert-base-multilingual-uncased
cardiffnlp/tweet_eval,irony,bert-base-uncased,0.6530612245,0.6472517098,0.6460170806,0.6530612245,0.6489213705,11.0,5.605,cardiffnlp_tweet_eval@irony_bert-base-uncased
cardiffnlp/tweet_eval,irony,bert-large-uncased,0.6033163265,0.454047132,0.3639905899,0.6033163265,0.6867171526,20.0,17.7288,cardiffnlp_tweet_eval@irony_bert-large-uncased
cardiffnlp/tweet_eval,irony,bert-large-uncased-whole-word-masking-finetuned-squad,0.6033163265,0.454047132,0.3639905899,0.6033163265,0.6859294176,22.0,18.0322,cardiffnlp_tweet_eval@irony_bert-large-uncased-whole-word-masking-finetuned-squad
cardiffnlp/tweet_eval,irony,distilbert-base-uncased,0.6683673469,0.6551538378,0.6598940024,0.6683673469,0.6402891874,11.0,2.9393,cardiffnlp_tweet_eval@irony_distilbert-base-uncased
cardiffnlp/tweet_eval,irony,distilbert-base-uncased-distilled-squad,0.631377551,0.6196453817,0.6197761758,0.631377551,0.6721715927,11.0,2.8523,cardiffnlp_tweet_eval@irony_distilbert-base-uncased-distilled-squad
cardiffnlp/tweet_eval,irony,distilbert-base-uncased-finetuned-sst-2-english,0.6211734694,0.596906807,0.6039948582,0.6211734694,0.6960011721,11.0,2.8451,cardiffnlp_tweet_eval@irony_distilbert-base-uncased-finetuned-sst-2-english
cardiffnlp/tweet_eval,irony,distilroberta-base,0.6211734694,0.6183963832,0.6166816105,0.6211734694,0.7009890676,11.0,2.7915,cardiffnlp_tweet_eval@irony_distilroberta-base
cardiffnlp/tweet_eval,irony,roberta-base,0.5867346939,0.500201453,0.5278955406,0.5867346939,0.6762964725,13.0,5.3877,cardiffnlp_tweet_eval@irony_roberta-base
cardiffnlp/tweet_eval,irony,xlm-roberta-base,0.6033163265,0.454047132,0.3639905899,0.6033163265,0.6652874947,19.0,5.3038,cardiffnlp_tweet_eval@irony_xlm-roberta-base
cardiffnlp/tweet_eval,offensive,albert-base-v2,0.6558139535,0.6734090932,0.736778482,0.6558139535,0.5700315833,11.0,7.2412,cardiffnlp_tweet_eval@offensive_albert-base-v2
cardiffnlp/tweet_eval,offensive,bert-base-multilingual-uncased,0.8046511628,0.7877477697,0.7970053265,0.8046511628,0.4547338784,12.0,6.1157,cardiffnlp_tweet_eval@offensive_bert-base-multilingual-uncased
cardiffnlp/tweet_eval,offensive,bert-base-uncased,0.8488372093,0.8467507664,0.8457485465,0.8488372093,0.3847844303,12.0,6.1322,cardiffnlp_tweet_eval@offensive_bert-base-uncased
cardiffnlp/tweet_eval,offensive,bert-large-uncased,0.7209302326,0.6040226273,0.5197404002,0.7209302326,0.605026722,21.0,19.4213,cardiffnlp_tweet_eval@offensive_bert-large-uncased
cardiffnlp/tweet_eval,offensive,bert-large-uncased-whole-word-masking-finetuned-squad,0.7209302326,0.6040226273,0.5197404002,0.7209302326,0.6023515463,21.0,19.776,cardiffnlp_tweet_eval@offensive_bert-large-uncased-whole-word-masking-finetuned-squad
cardiffnlp/tweet_eval,offensive,distilbert-base-uncased,0.8488372093,0.8365098793,0.8510972814,0.8488372093,0.3897126019,11.0,3.2243,cardiffnlp_tweet_eval@offensive_distilbert-base-uncased
cardiffnlp/tweet_eval,offensive,distilbert-base-uncased-distilled-squad,0.823255814,0.8036807247,0.8263915364,0.823255814,0.4194943011,11.0,3.139,cardiffnlp_tweet_eval@offensive_distilbert-base-uncased-distilled-squad
cardiffnlp/tweet_eval,offensive,distilbert-base-uncased-finetuned-sst-2-english,0.8255813953,0.8126153689,0.8211523215,0.8255813953,0.4184706509,11.0,3.1228,cardiffnlp_tweet_eval@offensive_distilbert-base-uncased-finetuned-sst-2-english
cardiffnlp/tweet_eval,offensive,distilroberta-base,0.8523255814,0.8475348039,0.8480759393,0.8523255814,0.3728741705,12.0,3.0567,cardiffnlp_tweet_eval@offensive_distilroberta-base
cardiffnlp/tweet_eval,offensive,roberta-base,0.7209302326,0.6040226273,0.5197404002,0.7209302326,0.6030252576,20.0,5.93,cardiffnlp_tweet_eval@offensive_roberta-base
cardiffnlp/tweet_eval,offensive,xlm-roberta-base,0.7209302326,0.6040226273,0.5197404002,0.7209302326,0.6024816632,20.0,5.8498,cardiffnlp_tweet_eval@offensive_xlm-roberta-base
cardiffnlp/tweet_eval,sentiment,albert-base-v2,0.6354,0.6351134516,0.6426540772,0.6354,0.8959185481,14.0,42.4154,cardiffnlp_tweet_eval@sentiment_albert-base-v2
cardiffnlp/tweet_eval,sentiment,bert-base-multilingual-uncased,0.5348,0.5102861546,0.6125824701,0.5348,1.0451638699,12.0,35.7269,cardiffnlp_tweet_eval@sentiment_bert-base-multilingual-uncased
cardiffnlp/tweet_eval,sentiment,bert-base-uncased,0.6294,0.5968443051,0.6888279025,0.6294,0.7989282012,11.0,35.7731,cardiffnlp_tweet_eval@sentiment_bert-base-uncased
cardiffnlp/tweet_eval,sentiment,bert-large-uncased,0.6412,0.6325157747,0.6550754926,0.6412,0.8006943464,11.0,115.4337,cardiffnlp_tweet_eval@sentiment_bert-large-uncased
cardiffnlp/tweet_eval,sentiment,bert-large-uncased-whole-word-masking-finetuned-squad,0.5752,0.5731310626,0.6134806305,0.5752,1.0295265913,12.0,116.4975,cardiffnlp_tweet_eval@sentiment_bert-large-uncased-whole-word-masking-finetuned-squad
cardiffnlp/tweet_eval,sentiment,distilbert-base-uncased,0.668,0.6618714188,0.6795778645,0.668,0.765147984,11.0,18.7449,cardiffnlp_tweet_eval@sentiment_distilbert-base-uncased
cardiffnlp/tweet_eval,sentiment,distilbert-base-uncased-distilled-squad,0.66,0.6530052863,0.6728668385,0.66,0.7621602416,11.0,18.2824,cardiffnlp_tweet_eval@sentiment_distilbert-base-uncased-distilled-squad
cardiffnlp/tweet_eval,sentiment,distilbert-base-uncased-finetuned-sst-2-english,0.6676,0.6616115749,0.6804662768,0.6676,0.7416211367,11.0,18.2195,cardiffnlp_tweet_eval@sentiment_distilbert-base-uncased-finetuned-sst-2-english
cardiffnlp/tweet_eval,sentiment,distilroberta-base,0.6198,0.573577644,0.7052226119,0.6198,0.7937252522,11.0,17.7802,cardiffnlp_tweet_eval@sentiment_distilroberta-base
cardiffnlp/tweet_eval,sentiment,roberta-base,0.6688,0.6645199485,0.6745339748,0.6688,0.80636096,11.0,34.4462,cardiffnlp_tweet_eval@sentiment_roberta-base
cardiffnlp/tweet_eval,sentiment,xlm-roberta-base,0.5112,0.3771743348,0.4007939222,0.5112,1.0514984131,14.0,34.1361,cardiffnlp_tweet_eval@sentiment_xlm-roberta-base
dair-ai/emotion,split,albert-base-v2,0.913,0.9137011151,0.9150238126,0.913,0.2901091278,15.0,16.8593,dair-ai_emotion@split_albert-base-v2
dair-ai/emotion,split,bert-base-multilingual-uncased,0.913,0.9151010489,0.9207959503,0.913,0.3063294291,15.0,14.266,dair-ai_emotion@split_bert-base-multilingual-uncased
dair-ai/emotion,split,bert-base-uncased,0.909,0.9100752541,0.9137075312,0.909,0.3272695839,12.0,14.3254,dair-ai_emotion@split_bert-base-uncased
dair-ai/emotion,split,bert-large-uncased,0.908,0.9083977604,0.911906077,0.908,0.334463805,15.0,45.9156,dair-ai_emotion@split_bert-large-uncased
dair-ai/emotion,split,bert-large-uncased-whole-word-masking-finetuned-squad,0.889,0.8893587625,0.8929845347,0.889,0.388125211,11.0,46.3358,dair-ai_emotion@split_bert-large-uncased-whole-word-masking-finetuned-squad
dair-ai/emotion,split,distilbert-base-uncased,0.9125,0.9103495096,0.9147468511,0.9125,0.293037504,12.0,7.4931,dair-ai_emotion@split_distilbert-base-uncased
dair-ai/emotion,split,distilbert-base-uncased-distilled-squad,0.914,0.9131153416,0.9153678188,0.914,0.273067832,12.0,7.2823,dair-ai_emotion@split_distilbert-base-uncased-distilled-squad
dair-ai/emotion,split,distilbert-base-uncased-finetuned-sst-2-english,0.898,0.899726695,0.9041907658,0.898,0.3275393546,11.0,7.2553,dair-ai_emotion@split_distilbert-base-uncased-finetuned-sst-2-english
dair-ai/emotion,split,distilroberta-base,0.914,0.914896349,0.9184394267,0.914,0.3081660271,14.0,7.1472,dair-ai_emotion@split_distilroberta-base
dair-ai/emotion,split,roberta-base,0.9065,0.9068570557,0.908823182,0.9065,0.3132218421,12.0,13.7948,dair-ai_emotion@split_roberta-base
dair-ai/emotion,split,xlm-roberta-base,0.9075,0.9078037011,0.9086448077,0.9075,0.3489813805,15.0,13.5921,dair-ai_emotion@split_xlm-roberta-base
google-research-datasets/poem_sentiment,,albert-base-v2,0.8461538462,0.8483025039,0.8603620738,0.8461538462,0.5993632078,19.0,0.8725,google-research-datasets_poem_sentiment_albert-base-v2
google-research-datasets/poem_sentiment,,bert-base-multilingual-uncased,0.7980769231,0.7696468736,0.821123862,0.7980769231,0.7606522441,13.0,0.7431,google-research-datasets_poem_sentiment_bert-base-multilingual-uncased
google-research-datasets/poem_sentiment,,bert-base-uncased,0.8557692308,0.8582358733,0.8693894567,0.8557692308,0.50889498,13.0,0.7556,google-research-datasets_poem_sentiment_bert-base-uncased
google-research-datasets/poem_sentiment,,bert-large-uncased,0.6634615385,0.5292352157,0.440181213,0.6634615385,0.9109426141,14.0,2.3428,google-research-datasets_poem_sentiment_bert-large-uncased
google-research-datasets/poem_sentiment,,bert-large-uncased-whole-word-masking-finetuned-squad,0.8269230769,0.8232142857,0.8245950059,0.8269230769,0.6941812038,14.0,2.418,google-research-datasets_poem_sentiment_bert-large-uncased-whole-word-masking-finetuned-squad
google-research-datasets/poem_sentiment,,distilbert-base-uncased,0.8846153846,0.8834951859,0.8878317052,0.8846153846,0.502902925,13.0,0.3934,google-research-datasets_poem_sentiment_distilbert-base-uncased
google-research-datasets/poem_sentiment,,distilbert-base-uncased-distilled-squad,0.8557692308,0.8526228907,0.8523175542,0.8557692308,0.4286593795,12.0,0.3785,google-research-datasets_poem_sentiment_distilbert-base-uncased-distilled-squad
google-research-datasets/poem_sentiment,,distilbert-base-uncased-finetuned-sst-2-english,0.8557692308,0.8484973004,0.8491542242,0.8557692308,0.4292147756,12.0,0.378,google-research-datasets_poem_sentiment_distilbert-base-uncased-finetuned-sst-2-english
google-research-datasets/poem_sentiment,,distilroberta-base,0.8461538462,0.853372434,0.8686446886,0.8461538462,0.5352335572,13.0,0.3747,google-research-datasets_poem_sentiment_distilroberta-base
google-research-datasets/poem_sentiment,,roberta-base,0.8365384615,0.8402768743,0.8568218623,0.8365384615,0.5611454844,13.0,0.7145,google-research-datasets_poem_sentiment_roberta-base
google-research-datasets/poem_sentiment,,xlm-roberta-base,0.8461538462,0.8493360396,0.862723239,0.8461538462,0.4366814494,18.0,0.7029,google-research-datasets_poem_sentiment_xlm-roberta-base
cornell-movie-review-data/rotten_tomatoes,,albert-base-v2,0.8264540338,0.8260558939,0.8294705281,0.8264540338,0.4306530058,13.0,8.9909,cornell-movie-review-data_rotten_tomatoes_albert-base-v2
cornell-movie-review-data/rotten_tomatoes,,bert-base-multilingual-uncased,0.7786116323,0.7784798535,0.77927618,0.7786116323,0.4770393372,12.0,7.59,cornell-movie-review-data_rotten_tomatoes_bert-base-multilingual-uncased
cornell-movie-review-data/rotten_tomatoes,,bert-base-uncased,0.8377110694,0.837535932,0.8391735958,0.8377110694,0.363643676,11.0,7.6513,cornell-movie-review-data_rotten_tomatoes_bert-base-uncased
cornell-movie-review-data/rotten_tomatoes,,bert-large-uncased,0.8273921201,0.827123759,0.8294377048,0.8273921201,0.4531786144,12.0,24.2791,cornell-movie-review-data_rotten_tomatoes_bert-large-uncased
cornell-movie-review-data/rotten_tomatoes,,bert-large-uncased-whole-word-masking-finetuned-squad,0.7504690432,0.7405927406,0.795465587,0.7504690432,0.480191052,11.0,24.6739,cornell-movie-review-data_rotten_tomatoes_bert-large-uncased-whole-word-masking-finetuned-squad
cornell-movie-review-data/rotten_tomatoes,,distilbert-base-uncased,0.8311444653,0.8310278873,0.8320608531,0.8311444653,0.3769486547,11.0,4.0037,cornell-movie-review-data_rotten_tomatoes_distilbert-base-uncased
cornell-movie-review-data/rotten_tomatoes,,distilbert-base-uncased-distilled-squad,0.808630394,0.8083605639,0.8103784572,0.808630394,0.4056445062,11.0,3.8654,cornell-movie-review-data_rotten_tomatoes_distilbert-base-uncased-distilled-squad
cornell-movie-review-data/rotten_tomatoes,,distilbert-base-uncased-finetuned-sst-2-english,0.8968105066,0.8967810766,0.8972635808,0.8968105066,0.2738627493,11.0,3.8692,cornell-movie-review-data_rotten_tomatoes_distilbert-base-uncased-finetuned-sst-2-english
cornell-movie-review-data/rotten_tomatoes,,distilroberta-base,0.830206379,0.8300973823,0.8310559006,0.830206379,0.406788379,11.0,3.7852,cornell-movie-review-data_rotten_tomatoes_distilroberta-base
cornell-movie-review-data/rotten_tomatoes,,roberta-base,0.8461538462,0.8458912925,0.8485289896,0.8461538462,0.3667550385,11.0,7.3651,cornell-movie-review-data_rotten_tomatoes_roberta-base
cornell-movie-review-data/rotten_tomatoes,,xlm-roberta-base,0.5,0.3333333333,0.25,0.5,0.6931471825,26.0,7.228,cornell-movie-review-data_rotten_tomatoes_xlm-roberta-base
clinc/clinc_oos,plus,albert-base-v2,0.6458,0.6129138883,0.6974814542,0.6458,1.9202712774,30.0,42.0315,clinc_clinc_oos@plus_albert-base-v2
clinc/clinc_oos,plus,bert-base-multilingual-uncased,0.7894,0.7631251763,0.8384972247,0.7894,1.1845709085,15.0,35.6832,clinc_clinc_oos@plus_bert-base-multilingual-uncased
clinc/clinc_oos,plus,bert-base-uncased,0.8402,0.8227411089,0.8691953725,0.8402,0.9108600616,16.0,35.5719,clinc_clinc_oos@plus_bert-base-uncased
clinc/clinc_oos,plus,bert-large-uncased,0.8536,0.8454212804,0.8789401041,0.8536,0.8675960898,16.0,114.6551,clinc_clinc_oos@plus_bert-large-uncased
clinc/clinc_oos,plus,bert-large-uncased-whole-word-masking-finetuned-squad,0.1826,0.0563889058,0.03334276,0.1826,4.9076576233,25.0,114.4558,clinc_clinc_oos@plus_bert-large-uncased-whole-word-masking-finetuned-squad
clinc/clinc_oos,plus,distilbert-base-uncased,0.8434,0.8334140988,0.871375801,0.8434,0.7887665033,16.0,18.7508,clinc_clinc_oos@plus_distilbert-base-uncased
clinc/clinc_oos,plus,distilbert-base-uncased-distilled-squad,0.8302,0.8158975534,0.8604599359,0.8302,0.8719255924,16.0,18.2219,clinc_clinc_oos@plus_distilbert-base-uncased-distilled-squad
clinc/clinc_oos,plus,distilbert-base-uncased-finetuned-sst-2-english,0.8358,0.8266643468,0.8601609657,0.8358,0.6931521893,14.0,18.2435,clinc_clinc_oos@plus_distilbert-base-uncased-finetuned-sst-2-english
clinc/clinc_oos,plus,distilroberta-base,0.8482,0.8370385682,0.8709923933,0.8482,0.8457654119,16.0,17.7034,clinc_clinc_oos@plus_distilroberta-base
clinc/clinc_oos,plus,roberta-base,0.8548,0.8468068058,0.8800931805,0.8548,0.7949030399,14.0,34.4175,clinc_clinc_oos@plus_roberta-base
clinc/clinc_oos,plus,xlm-roberta-base,0.816,0.8027343339,0.8459938106,0.816,0.9250056744,15.0,33.9411,clinc_clinc_oos@plus_xlm-roberta-base
climatebert/climate_detection,,albert-base-v2,0.945,0.9452532993,0.9455744746,0.945,0.2228542715,17.0,3.3843,climatebert_climate_detection_albert-base-v2
climatebert/climate_detection,,bert-base-multilingual-uncased,0.945,0.9454977757,0.9462628089,0.945,0.3642715216,19.0,2.848,climatebert_climate_detection_bert-base-multilingual-uncased
climatebert/climate_detection,,bert-base-uncased,0.9625,0.9622292003,0.9621245627,0.9625,0.1772864461,14.0,2.8419,climatebert_climate_detection_bert-base-uncased
climatebert/climate_detection,,bert-large-uncased,0.9575,0.9575987325,0.9577150819,0.9575,0.3148254156,24.0,9.1611,climatebert_climate_detection_bert-large-uncased
climatebert/climate_detection,,bert-large-uncased-whole-word-masking-finetuned-squad,0.8,0.7111111111,0.64,0.8,0.5109844804,15.0,9.1347,climatebert_climate_detection_bert-large-uncased-whole-word-masking-finetuned-squad
climatebert/climate_detection,,distilbert-base-uncased,0.9525,0.9528252641,0.9533047015,0.9525,0.172249034,14.0,1.5062,climatebert_climate_detection_distilbert-base-uncased
climatebert/climate_detection,,distilbert-base-uncased-distilled-squad,0.955,0.9556003193,0.9568063991,0.955,0.1847753674,14.0,1.4586,climatebert_climate_detection_distilbert-base-uncased-distilled-squad
climatebert/climate_detection,,distilbert-base-uncased-finetuned-sst-2-english,0.95,0.95,0.95,0.95,0.1847710162,12.0,1.4508,climatebert_climate_detection_distilbert-base-uncased-finetuned-sst-2-english
climatebert/climate_detection,,distilroberta-base,0.975,0.9752262617,0.9757383966,0.975,0.0835292116,11.0,1.4225,climatebert_climate_detection_distilroberta-base
climatebert/climate_detection,,roberta-base,0.97,0.9698568556,0.9697881828,0.97,0.0925116315,11.0,2.7594,climatebert_climate_detection_roberta-base
climatebert/climate_detection,,xlm-roberta-base,0.965,0.9653167664,0.9659132007,0.965,0.2370653152,27.0,2.7309,climatebert_climate_detection_xlm-roberta-base
climatebert/tcfd_recommendations,,albert-base-v2,0.705,0.6813585353,0.667887524,0.705,0.8889066577,13.0,3.381,climatebert_tcfd_recommendations_albert-base-v2
climatebert/tcfd_recommendations,,bert-base-multilingual-uncased,0.6975,0.6699082496,0.6514364628,0.6975,0.8632060289,13.0,2.848,climatebert_tcfd_recommendations_bert-base-multilingual-uncased
climatebert/tcfd_recommendations,,bert-base-uncased,0.7525,0.7509987719,0.7604737991,0.7525,0.7079179883,12.0,2.855,climatebert_tcfd_recommendations_bert-base-uncased
climatebert/tcfd_recommendations,,bert-large-uncased,0.76,0.7716173263,0.7919388787,0.76,0.6668891907,13.0,9.1431,climatebert_tcfd_recommendations_bert-large-uncased
climatebert/tcfd_recommendations,,bert-large-uncased-whole-word-masking-finetuned-squad,0.69,0.6832483629,0.7036088471,0.69,0.7825176716,13.0,9.2614,climatebert_tcfd_recommendations_bert-large-uncased-whole-word-masking-finetuned-squad
climatebert/tcfd_recommendations,,distilbert-base-uncased,0.7425,0.7432996069,0.758263909,0.7425,0.6280831099,12.0,1.5106,climatebert_tcfd_recommendations_distilbert-base-uncased
climatebert/tcfd_recommendations,,distilbert-base-uncased-distilled-squad,0.7425,0.7386991105,0.7550819477,0.7425,0.716748476,12.0,1.4552,climatebert_tcfd_recommendations_distilbert-base-uncased-distilled-squad
climatebert/tcfd_recommendations,,distilbert-base-uncased-finetuned-sst-2-english,0.72,0.7215208007,0.7303999877,0.72,0.870208919,13.0,1.4502,climatebert_tcfd_recommendations_distilbert-base-uncased-finetuned-sst-2-english
climatebert/tcfd_recommendations,,distilroberta-base,0.7575,0.7463823818,0.751278538,0.7575,0.6295700669,12.0,1.4287,climatebert_tcfd_recommendations_distilroberta-base
climatebert/tcfd_recommendations,,roberta-base,0.7175,0.7205496065,0.7638373776,0.7175,0.7881826758,13.0,2.7623,climatebert_tcfd_recommendations_roberta-base
climatebert/tcfd_recommendations,,xlm-roberta-base,0.8,0.7943657713,0.8018129267,0.8,0.6752825975,14.0,2.7301,climatebert_tcfd_recommendations_xlm-roberta-base
climatebert/climate_specificity,,albert-base-v2,0.790625,0.7803303963,0.7976827331,0.790625,0.5859750509,18.0,2.6878,climatebert_climate_specificity_albert-base-v2
climatebert/climate_specificity,,bert-base-multilingual-uncased,0.76875,0.7569552257,0.7732108815,0.76875,0.5305401683,11.0,2.2819,climatebert_climate_specificity_bert-base-multilingual-uncased
climatebert/climate_specificity,,bert-base-uncased,0.815625,0.8003713167,0.849446341,0.815625,0.4898985326,12.0,2.2765,climatebert_climate_specificity_bert-base-uncased
climatebert/climate_specificity,,bert-large-uncased,0.775,0.7569196429,0.7953447081,0.775,0.629167676,13.0,7.295,climatebert_climate_specificity_bert-large-uncased
climatebert/climate_specificity,,bert-large-uncased-whole-word-masking-finetuned-squad,0.79375,0.7854032578,0.7976467119,0.79375,1.0795919895,16.0,7.3953,climatebert_climate_specificity_bert-large-uncased-whole-word-masking-finetuned-squad
climatebert/climate_specificity,,distilbert-base-uncased,0.809375,0.7978064546,0.8257499603,0.809375,0.5399918556,12.0,1.2004,climatebert_climate_specificity_distilbert-base-uncased
climatebert/climate_specificity,,distilbert-base-uncased-distilled-squad,0.803125,0.7868371687,0.8332552813,0.803125,0.5922908187,12.0,1.1689,climatebert_climate_specificity_distilbert-base-uncased-distilled-squad
climatebert/climate_specificity,,distilbert-base-uncased-finetuned-sst-2-english,0.790625,0.7733030207,0.8170642215,0.790625,0.5873618722,11.0,1.157,climatebert_climate_specificity_distilbert-base-uncased-finetuned-sst-2-english
climatebert/climate_specificity,,distilroberta-base,0.83125,0.8232572115,0.8433182103,0.83125,0.4784666002,12.0,1.1406,climatebert_climate_specificity_distilroberta-base
climatebert/climate_specificity,,roberta-base,0.79375,0.7860759181,0.7964660612,0.79375,0.4684800506,11.0,2.2068,climatebert_climate_specificity_roberta-base
climatebert/climate_specificity,,xlm-roberta-base,0.75625,0.729048913,0.791003352,0.75625,0.5277245641,11.0,2.1843,climatebert_climate_specificity_xlm-roberta-base
climatebert/climate_commitments_actions,,albert-base-v2,0.80625,0.8050967262,0.8042188383,0.80625,0.5021782517,12.0,2.7002,climatebert_climate_commitments_actions_albert-base-v2
climatebert/climate_commitments_actions,,bert-base-multilingual-uncased,0.821875,0.8221260499,0.8223944764,0.821875,0.4148054719,11.0,2.2804,climatebert_climate_commitments_actions_bert-base-multilingual-uncased
climatebert/climate_commitments_actions,,bert-base-uncased,0.796875,0.7992325484,0.8029032842,0.796875,0.9023038745,13.0,2.2756,climatebert_climate_commitments_actions_bert-base-uncased
climatebert/climate_commitments_actions,,bert-large-uncased,0.809375,0.8120185817,0.8166553437,0.809375,0.7355055809,15.0,7.2991,climatebert_climate_commitments_actions_bert-large-uncased
climatebert/climate_commitments_actions,,bert-large-uncased-whole-word-masking-finetuned-squad,0.809375,0.8073242588,0.806132432,0.809375,0.6804769635,12.0,7.4147,climatebert_climate_commitments_actions_bert-large-uncased-whole-word-masking-finetuned-squad
climatebert/climate_commitments_actions,,distilbert-base-uncased,0.821875,0.8230761058,0.8247055501,0.821875,0.5539708734,12.0,1.2082,climatebert_climate_commitments_actions_distilbert-base-uncased
climatebert/climate_commitments_actions,,distilbert-base-uncased-distilled-squad,0.775,0.7792849586,0.7875021291,0.775,0.5005868077,11.0,1.1645,climatebert_climate_commitments_actions_distilbert-base-uncased-distilled-squad
climatebert/climate_commitments_actions,,distilbert-base-uncased-finetuned-sst-2-english,0.796875,0.8001289146,0.8060948209,0.796875,0.4537932277,11.0,1.1602,climatebert_climate_commitments_actions_distilbert-base-uncased-finetuned-sst-2-english
climatebert/climate_commitments_actions,,distilroberta-base,0.8375,0.8402713178,0.8463942308,0.8375,0.4067703784,12.0,1.1381,climatebert_climate_commitments_actions_distilroberta-base
climatebert/climate_commitments_actions,,roberta-base,0.8125,0.8170735684,0.8294583333,0.8125,0.3822229207,12.0,2.2083,climatebert_climate_commitments_actions_roberta-base
climatebert/climate_commitments_actions,,xlm-roberta-base,0.815625,0.809512239,0.8102017569,0.815625,0.585955143,13.0,2.1866,climatebert_climate_commitments_actions_xlm-roberta-base
zeroshot/twitter-financial-news-sentiment,,albert-base-v2,0.8257956449,0.8236131435,0.8230977661,0.8257956449,0.4931772649,11.0,20.1964,zeroshot_twitter-financial-news-sentiment_albert-base-v2
zeroshot/twitter-financial-news-sentiment,,bert-base-multilingual-uncased,0.8140703518,0.8054307054,0.8077430882,0.8140703518,0.5212205648,11.0,17.0657,zeroshot_twitter-financial-news-sentiment_bert-base-multilingual-uncased
zeroshot/twitter-financial-news-sentiment,,bert-base-uncased,0.8471524288,0.8504092058,0.8598048395,0.8471524288,0.417932868,12.0,17.1479,zeroshot_twitter-financial-news-sentiment_bert-base-uncased
zeroshot/twitter-financial-news-sentiment,,bert-large-uncased,0.7914572864,0.8014228372,0.8271695127,0.7914572864,0.5431911349,11.0,54.4595,zeroshot_twitter-financial-news-sentiment_bert-large-uncased
zeroshot/twitter-financial-news-sentiment,,bert-large-uncased-whole-word-masking-finetuned-squad,0.8203517588,0.8250795859,0.8338686336,0.8203517588,0.5241528749,12.0,55.4127,zeroshot_twitter-financial-news-sentiment_bert-large-uncased-whole-word-masking-finetuned-squad
zeroshot/twitter-financial-news-sentiment,,distilbert-base-uncased,0.8572026801,0.8542318566,0.8577062109,0.8572026801,0.3893255889,11.0,8.9496,zeroshot_twitter-financial-news-sentiment_distilbert-base-uncased
zeroshot/twitter-financial-news-sentiment,,distilbert-base-uncased-distilled-squad,0.8412897822,0.8387102321,0.8493197754,0.8412897822,0.4145069122,11.0,8.6913,zeroshot_twitter-financial-news-sentiment_distilbert-base-uncased-distilled-squad
zeroshot/twitter-financial-news-sentiment,,distilbert-base-uncased-finetuned-sst-2-english,0.8555276382,0.8559006035,0.8563357236,0.8555276382,0.3801974058,11.0,8.6958,zeroshot_twitter-financial-news-sentiment_distilbert-base-uncased-finetuned-sst-2-english
zeroshot/twitter-financial-news-sentiment,,distilroberta-base,0.8622278057,0.8643836556,0.8700340702,0.8622278057,0.3712745011,12.0,8.5151,zeroshot_twitter-financial-news-sentiment_distilroberta-base
zeroshot/twitter-financial-news-sentiment,,roberta-base,0.8630653266,0.8655288253,0.8732295269,0.8630653266,0.3785598874,12.0,16.3861,zeroshot_twitter-financial-news-sentiment_roberta-base
zeroshot/twitter-financial-news-sentiment,,xlm-roberta-base,0.8475711893,0.8469612607,0.8471440133,0.8475711893,0.4827406406,12.0,16.2566,zeroshot_twitter-financial-news-sentiment_xlm-roberta-base
CogComp/trec,,albert-base-v2,0.938,0.9378353738,0.9389369937,0.938,0.283467859,12.0,4.2401,CogComp_trec_albert-base-v2
CogComp/trec,,bert-base-multilingual-uncased,0.954,0.9534533237,0.953875472,0.954,0.1987292469,12.0,3.561,CogComp_trec_bert-base-multilingual-uncased
CogComp/trec,,bert-base-uncased,0.962,0.9615340424,0.962700458,0.962,0.1448994577,12.0,3.5605,CogComp_trec_bert-base-uncased
CogComp/trec,,bert-large-uncased,0.968,0.9679578215,0.9684866502,0.968,0.2092079371,20.0,11.3753,CogComp_trec_bert-large-uncased
CogComp/trec,,bert-large-uncased-whole-word-masking-finetuned-squad,0.952,0.9492826845,0.9542346124,0.952,0.2514588833,12.0,11.5646,CogComp_trec_bert-large-uncased-whole-word-masking-finetuned-squad
CogComp/trec,,distilbert-base-uncased,0.96,0.9592368155,0.9609774931,0.96,0.2570037842,14.0,1.8806,CogComp_trec_distilbert-base-uncased
CogComp/trec,,distilbert-base-uncased-distilled-squad,0.958,0.9574614766,0.9591660368,0.958,0.1960068941,11.0,1.8184,CogComp_trec_distilbert-base-uncased-distilled-squad
CogComp/trec,,distilbert-base-uncased-finetuned-sst-2-english,0.966,0.9653486764,0.9667442898,0.966,0.1882280409,13.0,1.8157,CogComp_trec_distilbert-base-uncased-finetuned-sst-2-english
CogComp/trec,,distilroberta-base,0.958,0.958003541,0.9586946542,0.958,0.1761484593,12.0,1.7675,CogComp_trec_distilroberta-base
CogComp/trec,,roberta-base,0.964,0.963750215,0.9658252662,0.964,0.2095987201,14.0,3.4474,CogComp_trec_roberta-base
CogComp/trec,,xlm-roberta-base,0.95,0.9498773663,0.9532673994,0.95,0.3566020429,18.0,3.3855,CogComp_trec_xlm-roberta-base
stanfordnlp/sst2,,albert-base-v2,,,,,,11.0,0.0004,stanfordnlp_sst2_albert-base-v2
stanfordnlp/sst2,,bert-base-multilingual-uncased,,,,,,11.0,0.0008,stanfordnlp_sst2_bert-base-multilingual-uncased
stanfordnlp/sst2,,bert-base-uncased,,,,,,11.0,0.0009,stanfordnlp_sst2_bert-base-uncased
stanfordnlp/sst2,,bert-large-uncased,,,,,,15.0,0.0016,stanfordnlp_sst2_bert-large-uncased
stanfordnlp/sst2,,bert-large-uncased-whole-word-masking-finetuned-squad,,,,,,11.0,0.0012,stanfordnlp_sst2_bert-large-uncased-whole-word-masking-finetuned-squad
stanfordnlp/sst2,,distilbert-base-uncased,,,,,,11.0,0.0006,stanfordnlp_sst2_distilbert-base-uncased
stanfordnlp/sst2,,distilbert-base-uncased-distilled-squad,,,,,,11.0,0.0005,stanfordnlp_sst2_distilbert-base-uncased-distilled-squad
stanfordnlp/sst2,,distilbert-base-uncased-finetuned-sst-2-english,,,,,,11.0,0.0006,stanfordnlp_sst2_distilbert-base-uncased-finetuned-sst-2-english
stanfordnlp/sst2,,distilroberta-base,,,,,,11.0,0.0007,stanfordnlp_sst2_distilroberta-base
stanfordnlp/sst2,,roberta-base,,,,,,13.0,0.001,stanfordnlp_sst2_roberta-base
stanfordnlp/sst2,,xlm-roberta-base,,,,,,13.0,0.0008,stanfordnlp_sst2_xlm-roberta-base
SemEvalWorkshop/emo,,albert-base-v2,0.8484,0.7788168795,0.71978256,0.8484,0.8564856648,24.0,41.7719,SemEvalWorkshop_emo_albert-base-v2
SemEvalWorkshop/emo,,bert-base-multilingual-uncased,0.813,0.8351412067,0.8843719189,0.813,0.4825789928,11.0,35.6566,SemEvalWorkshop_emo_bert-base-multilingual-uncased
SemEvalWorkshop/emo,,bert-base-uncased,0.8318,0.8516157167,0.8951262062,0.8318,0.4675875902,11.0,35.6878,SemEvalWorkshop_emo_bert-base-uncased
SemEvalWorkshop/emo,,bert-large-uncased,0.8184,0.839093124,0.8836625518,0.8184,0.5535606742,11.0,114.856,SemEvalWorkshop_emo_bert-large-uncased
SemEvalWorkshop/emo,,bert-large-uncased-whole-word-masking-finetuned-squad,0.812,0.8358178246,0.890627458,0.812,0.5198600292,12.0,115.9826,SemEvalWorkshop_emo_bert-large-uncased-whole-word-masking-finetuned-squad
SemEvalWorkshop/emo,,distilbert-base-uncased,0.861,0.8731058736,0.8975706971,0.861,0.3811662495,11.0,18.748,SemEvalWorkshop_emo_distilbert-base-uncased
SemEvalWorkshop/emo,,distilbert-base-uncased-distilled-squad,0.8352,0.8533493224,0.892953366,0.8352,0.4542462528,11.0,18.1705,SemEvalWorkshop_emo_distilbert-base-uncased-distilled-squad
SemEvalWorkshop/emo,,distilbert-base-uncased-finetuned-sst-2-english,0.8286,0.8485748827,0.8925444577,0.8286,0.4662103653,11.0,18.2146,SemEvalWorkshop_emo_distilbert-base-uncased-finetuned-sst-2-english
SemEvalWorkshop/emo,,distilroberta-base,0.8372,0.8551517163,0.8936652893,0.8372,0.4680911601,11.0,17.8026,SemEvalWorkshop_emo_distilroberta-base
SemEvalWorkshop/emo,,roberta-base,0.839,0.855408479,0.8905125262,0.839,0.4460678697,11.0,34.5695,SemEvalWorkshop_emo_roberta-base
SemEvalWorkshop/emo,,xlm-roberta-base,0.7932,0.8203835997,0.8867956258,0.7932,0.5572260022,13.0,33.9166,SemEvalWorkshop_emo_xlm-roberta-base
mteb/banking77,,albert-base-v2,0.8517555267,0.8524303933,0.8651194704,0.8517555267,0.6286348104,19.0,25.7718,mteb_banking77_albert-base-v2
mteb/banking77,,bert-base-multilingual-uncased,0.8761378414,0.8729307082,0.8831186674,0.8761378414,0.5151530504,14.0,21.9204,mteb_banking77_bert-base-multilingual-uncased
mteb/banking77,,bert-base-uncased,0.9044213264,0.9038858179,0.911274312,0.9044213264,0.3966678679,14.0,22.0431,mteb_banking77_bert-base-uncased
mteb/banking77,,bert-large-uncased,0.0130039012,0.0003338614,0.0001691014,0.0130039012,4.3998847008,16.0,69.8683,mteb_banking77_bert-large-uncased
mteb/banking77,,bert-large-uncased-whole-word-masking-finetuned-squad,0.0130039012,0.0003338614,0.0001691014,0.0130039012,4.4115252495,11.0,70.9275,mteb_banking77_bert-large-uncased-whole-word-masking-finetuned-squad
mteb/banking77,,distilbert-base-uncased,0.8868660598,0.886817301,0.8960710937,0.8868660598,0.4247528315,14.0,11.5333,mteb_banking77_distilbert-base-uncased
mteb/banking77,,distilbert-base-uncased-distilled-squad,0.9008452536,0.9001384276,0.9047156232,0.9008452536,0.3932777345,14.0,11.1881,mteb_banking77_distilbert-base-uncased-distilled-squad
mteb/banking77,,distilbert-base-uncased-finetuned-sst-2-english,0.8855656697,0.8842981702,0.8929103216,0.8855656697,0.434032768,14.0,11.178,mteb_banking77_distilbert-base-uncased-finetuned-sst-2-english
mteb/banking77,,distilroberta-base,0.9040962289,0.9037569398,0.9087669323,0.9040962289,0.3683970571,14.0,10.965,mteb_banking77_distilroberta-base
mteb/banking77,,roberta-base,0.8985695709,0.898497862,0.9069275977,0.8985695709,0.4255791605,14.0,21.1768,mteb_banking77_roberta-base
mteb/banking77,,xlm-roberta-base,0.0130039012,0.0003338614,0.0001691014,0.0130039012,4.3819637299,16.0,20.8348,mteb_banking77_xlm-roberta-base
stanfordnlp/imdb,,albert-base-v2,0.8836,0.8835623476,0.884048111,0.8836,0.3142490685,12.0,42.1458,stanfordnlp_imdb_albert-base-v2
stanfordnlp/imdb,,bert-base-multilingual-uncased,0.863,0.8629996438,0.8630109555,0.863,0.376660496,12.0,35.7954,stanfordnlp_imdb_bert-base-multilingual-uncased
stanfordnlp/imdb,,bert-base-uncased,0.9044,0.904186588,0.9078996198,0.9044,0.2618829608,11.0,36.0302,stanfordnlp_imdb_bert-base-uncased
stanfordnlp/imdb,,bert-large-uncased,0.8862,0.8855970117,0.8943086225,0.8862,0.2752954364,11.0,115.3997,stanfordnlp_imdb_bert-large-uncased
stanfordnlp/imdb,,bert-large-uncased-whole-word-masking-finetuned-squad,0.5008,0.3342226013,0.25080064,0.5008,0.6933361292,14.0,115.449,stanfordnlp_imdb_bert-large-uncased-whole-word-masking-finetuned-squad
stanfordnlp/imdb,,distilbert-base-uncased,0.9004,0.900146399,0.9043646673,0.9004,0.2740371823,11.0,18.7588,stanfordnlp_imdb_distilbert-base-uncased
stanfordnlp/imdb,,distilbert-base-uncased-distilled-squad,0.8868,0.8867974642,0.8868233084,0.8868,0.3005647659,11.0,18.3173,stanfordnlp_imdb_distilbert-base-uncased-distilled-squad
stanfordnlp/imdb,,distilbert-base-uncased-finetuned-sst-2-english,0.9102,0.9101703031,0.9107985817,0.9102,0.2259604037,11.0,18.2724,stanfordnlp_imdb_distilbert-base-uncased-finetuned-sst-2-english
stanfordnlp/imdb,,distilroberta-base,0.9126,0.9125264873,0.9139089805,0.9126,0.2445994169,11.0,18.2808,stanfordnlp_imdb_distilroberta-base
stanfordnlp/imdb,,roberta-base,0.923,0.9229438778,0.9243183395,0.923,0.2057844698,12.0,35.1435,stanfordnlp_imdb_roberta-base
stanfordnlp/imdb,,xlm-roberta-base,0.4992,0.3324448239,0.24920064,0.4992,0.6931782961,18.0,34.5197,stanfordnlp_imdb_xlm-roberta-base
ade-benchmark-corpus/ade_corpus_v2,Ade_corpus_v2_classification,albert-base-v2,0.8754251701,0.8767291476,0.8790801713,0.8754251701,0.3428341746,15.0,19.8646,ade-benchmark-corpus_ade_corpus_v2@Ade_corpus_v2_classification_albert-base-v2
ade-benchmark-corpus/ade_corpus_v2,Ade_corpus_v2_classification,bert-base-multilingual-uncased,0.8979591837,0.8968268725,0.8966574154,0.8979591837,0.2779299617,11.0,16.7783,ade-benchmark-corpus_ade_corpus_v2@Ade_corpus_v2_classification_bert-base-multilingual-uncased
ade-benchmark-corpus/ade_corpus_v2,Ade_corpus_v2_classification,bert-base-uncased,0.9030612245,0.8996948257,0.9043499081,0.9030612245,0.2589664161,11.0,16.8026,ade-benchmark-corpus_ade_corpus_v2@Ade_corpus_v2_classification_bert-base-uncased
ade-benchmark-corpus/ade_corpus_v2,Ade_corpus_v2_classification,bert-large-uncased,0.8983843537,0.9005297171,0.9079171754,0.8983843537,0.2852796316,12.0,54.1194,ade-benchmark-corpus_ade_corpus_v2@Ade_corpus_v2_classification_bert-large-uncased
ade-benchmark-corpus/ade_corpus_v2,Ade_corpus_v2_classification,bert-large-uncased-whole-word-masking-finetuned-squad,0.8869047619,0.8806901875,0.8919736204,0.8869047619,0.3254721761,11.0,54.4991,ade-benchmark-corpus_ade_corpus_v2@Ade_corpus_v2_classification_bert-large-uncased-whole-word-masking-finetuned-squad
ade-benchmark-corpus/ade_corpus_v2,Ade_corpus_v2_classification,distilbert-base-uncased,0.9141156463,0.9129554458,0.9132320471,0.9141156463,0.2349386364,11.0,8.8203,ade-benchmark-corpus_ade_corpus_v2@Ade_corpus_v2_classification_distilbert-base-uncased
ade-benchmark-corpus/ade_corpus_v2,Ade_corpus_v2_classification,distilbert-base-uncased-distilled-squad,0.9068877551,0.905515277,0.9058155631,0.9068877551,0.2625752687,11.0,8.5906,ade-benchmark-corpus_ade_corpus_v2@Ade_corpus_v2_classification_distilbert-base-uncased-distilled-squad
ade-benchmark-corpus/ade_corpus_v2,Ade_corpus_v2_classification,distilbert-base-uncased-finetuned-sst-2-english,0.9128401361,0.9126760772,0.9125430108,0.9128401361,0.2513000667,11.0,8.5887,ade-benchmark-corpus_ade_corpus_v2@Ade_corpus_v2_classification_distilbert-base-uncased-finetuned-sst-2-english
ade-benchmark-corpus/ade_corpus_v2,Ade_corpus_v2_classification,distilroberta-base,0.9200680272,0.9199681622,0.9198822002,0.9200680272,0.2345169187,12.0,8.3345,ade-benchmark-corpus_ade_corpus_v2@Ade_corpus_v2_classification_distilroberta-base
ade-benchmark-corpus/ade_corpus_v2,Ade_corpus_v2_classification,roberta-base,0.9119897959,0.9130324833,0.9155223585,0.9119897959,0.2557359636,12.0,16.2213,ade-benchmark-corpus_ade_corpus_v2@Ade_corpus_v2_classification_roberta-base
ade-benchmark-corpus/ade_corpus_v2,Ade_corpus_v2_classification,xlm-roberta-base,0.7028061224,0.5801440801,0.4939364458,0.7028061224,0.6084967852,20.0,15.9638,ade-benchmark-corpus_ade_corpus_v2@Ade_corpus_v2_classification_xlm-roberta-base
iastate/onestop_english,,albert-base-v2,0.9473684211,0.9473684211,0.9552631579,0.9473684211,0.1833872348,13.0,0.4821,iastate_onestop_english_albert-base-v2
iastate/onestop_english,,bert-base-multilingual-uncased,0.9649122807,0.9649635785,0.9686057248,0.9649122807,0.0951249301,17.0,0.4078,iastate_onestop_english_bert-base-multilingual-uncased
iastate/onestop_english,,bert-base-uncased,1.0,1.0,1.0,1.0,0.0004360538,20.0,0.4181,iastate_onestop_english_bert-base-uncased
iastate/onestop_english,,bert-large-uncased,0.9473684211,0.9473375351,0.9500139237,0.9473684211,0.2171063721,16.0,1.3048,iastate_onestop_english_bert-large-uncased
iastate/onestop_english,,bert-large-uncased-whole-word-masking-finetuned-squad,0.298245614,0.1370317686,0.0889504463,0.298245614,1.1127932072,15.0,1.3127,iastate_onestop_english_bert-large-uncased-whole-word-masking-finetuned-squad
iastate/onestop_english,,distilbert-base-uncased,0.9824561404,0.9824818456,0.9834307992,0.9824561404,0.1019277051,14.0,0.2208,iastate_onestop_english_distilbert-base-uncased
iastate/onestop_english,,distilbert-base-uncased-distilled-squad,0.9473684211,0.9473684211,0.9552631579,0.9473684211,0.8095840812,274.0,0.2094,iastate_onestop_english_distilbert-base-uncased-distilled-squad
iastate/onestop_english,,distilbert-base-uncased-finetuned-sst-2-english,0.9473684211,0.9473684211,0.9552631579,0.9473684211,0.3182139099,18.0,0.2053,iastate_onestop_english_distilbert-base-uncased-finetuned-sst-2-english
iastate/onestop_english,,distilroberta-base,0.9649122807,0.9649635785,0.9686057248,0.9649122807,0.1503881216,14.0,0.2157,iastate_onestop_english_distilroberta-base
iastate/onestop_english,,roberta-base,0.9824561404,0.9824818456,0.9834307992,0.9824561404,0.0894403383,18.0,0.4093,iastate_onestop_english_roberta-base
iastate/onestop_english,,xlm-roberta-base,0.9473684211,0.9473684211,0.9552631579,0.9473684211,0.2250893563,19.0,0.4022,iastate_onestop_english_xlm-roberta-base
ucirvine/sms_spam,,albert-base-v2,0.9928315412,0.9928688457,0.9929567763,0.9928315412,0.0468195081,13.0,4.6898,ucirvine_sms_spam_albert-base-v2
ucirvine/sms_spam,,bert-base-multilingual-uncased,0.9928315412,0.9927930567,0.9928073476,0.9928315412,0.0382928476,12.0,3.9764,ucirvine_sms_spam_bert-base-multilingual-uncased
ucirvine/sms_spam,,bert-base-uncased,0.9910394265,0.9909666976,0.9910133021,0.9910394265,0.0435323492,11.0,4.0152,ucirvine_sms_spam_bert-base-uncased
ucirvine/sms_spam,,bert-large-uncased,0.9874551971,0.9872827837,0.9874451898,0.9874551971,0.0706502572,11.0,12.6268,ucirvine_sms_spam_bert-large-uncased
ucirvine/sms_spam,,bert-large-uncased-whole-word-masking-finetuned-squad,0.8584229391,0.7930271703,0.7368899423,0.8584229391,0.4103872776,15.0,12.7986,ucirvine_sms_spam_bert-large-uncased-whole-word-masking-finetuned-squad
ucirvine/sms_spam,,distilbert-base-uncased,0.9910394265,0.9910155615,0.9910046756,0.9910394265,0.0373833627,11.0,2.0883,ucirvine_sms_spam_distilbert-base-uncased
ucirvine/sms_spam,,distilbert-base-uncased-distilled-squad,0.9928315412,0.9927930567,0.9928073476,0.9928315412,0.0393251479,12.0,2.0362,ucirvine_sms_spam_distilbert-base-uncased-distilled-squad
ucirvine/sms_spam,,distilbert-base-uncased-finetuned-sst-2-english,0.9892473118,0.9891895851,0.9891840214,0.9892473118,0.0533600077,12.0,2.0243,ucirvine_sms_spam_distilbert-base-uncased-finetuned-sst-2-english
ucirvine/sms_spam,,distilroberta-base,0.9964157706,0.9964157706,0.9964157706,0.9964157706,0.0278818682,15.0,1.9932,ucirvine_sms_spam_distilroberta-base
ucirvine/sms_spam,,roberta-base,0.9946236559,0.9946377537,0.9946647096,0.9946236559,0.0342003219,12.0,3.8155,ucirvine_sms_spam_roberta-base
ucirvine/sms_spam,,xlm-roberta-base,0.9856630824,0.9857376914,0.9858617888,0.9856630824,0.0648901612,12.0,3.7851,ucirvine_sms_spam_xlm-roberta-base
sonos-nlu-benchmark/snips_built_in_intents,,albert-base-v2,0.8787878788,0.8883876358,0.9525252525,0.8787878788,0.4934392273,23.0,0.2807,sonos-nlu-benchmark_snips_built_in_intents_albert-base-v2
sonos-nlu-benchmark/snips_built_in_intents,,bert-base-multilingual-uncased,1.0,1.0,1.0,1.0,0.0164702404,26.0,0.2375,sonos-nlu-benchmark_snips_built_in_intents_bert-base-multilingual-uncased
sonos-nlu-benchmark/snips_built_in_intents,,bert-base-uncased,0.9393939394,0.9494949495,0.9696969697,0.9393939394,0.2293171138,16.0,0.2392,sonos-nlu-benchmark_snips_built_in_intents_bert-base-uncased
sonos-nlu-benchmark/snips_built_in_intents,,bert-large-uncased,1.0,1.0,1.0,1.0,0.0003147067,43.0,0.7505,sonos-nlu-benchmark_snips_built_in_intents_bert-large-uncased
sonos-nlu-benchmark/snips_built_in_intents,,bert-large-uncased-whole-word-masking-finetuned-squad,1.0,1.0,1.0,1.0,0.0004283864,21.0,0.7598,sonos-nlu-benchmark_snips_built_in_intents_bert-large-uncased-whole-word-masking-finetuned-squad
sonos-nlu-benchmark/snips_built_in_intents,,distilbert-base-uncased,0.9090909091,0.90995671,0.9570707071,0.9090909091,0.2878639698,58.0,0.1253,sonos-nlu-benchmark_snips_built_in_intents_distilbert-base-uncased
sonos-nlu-benchmark/snips_built_in_intents,,distilbert-base-uncased-distilled-squad,1.0,1.0,1.0,1.0,0.0487143695,20.0,0.1227,sonos-nlu-benchmark_snips_built_in_intents_distilbert-base-uncased-distilled-squad
sonos-nlu-benchmark/snips_built_in_intents,,distilbert-base-uncased-finetuned-sst-2-english,0.9090909091,0.9168109668,0.9570707071,0.9090909091,0.2923541665,15.0,0.1208,sonos-nlu-benchmark_snips_built_in_intents_distilbert-base-uncased-finetuned-sst-2-english
sonos-nlu-benchmark/snips_built_in_intents,,distilroberta-base,0.9696969697,0.9660238751,0.9747474747,0.9696969697,0.0824579969,249.0,0.1217,sonos-nlu-benchmark_snips_built_in_intents_distilroberta-base
sonos-nlu-benchmark/snips_built_in_intents,,roberta-base,1.0,1.0,1.0,1.0,0.0003029946,48.0,0.2291,sonos-nlu-benchmark_snips_built_in_intents_roberta-base
sonos-nlu-benchmark/snips_built_in_intents,,xlm-roberta-base,0.9393939394,0.94997595,0.9772727273,0.9393939394,0.2081356496,20.0,0.2239,sonos-nlu-benchmark_snips_built_in_intents_xlm-roberta-base
takala/financial_phrasebank,,albert-base-v2,0.8883626522,0.8880161494,0.8878453199,0.8883626522,0.3362856507,12.0,12.437,takala_financial_phrasebank_albert-base-v2
takala/financial_phrasebank,,bert-base-multilingual-uncased,0.9079837618,0.906849425,0.9073535043,0.9079837618,0.2901605666,11.0,10.5427,takala_financial_phrasebank_bert-base-multilingual-uncased
takala/financial_phrasebank,,bert-base-uncased,0.9248985115,0.9249471976,0.9253374995,0.9248985115,0.2873977125,12.0,10.6174,takala_financial_phrasebank_bert-base-uncased
takala/financial_phrasebank,,bert-large-uncased,0.9120433018,0.9117471597,0.9128037581,0.9120433018,0.3137618303,12.0,33.7232,takala_financial_phrasebank_bert-large-uncased
takala/financial_phrasebank,,bert-large-uncased-whole-word-masking-finetuned-squad,0.9201623816,0.920610469,0.9220380417,0.9201623816,0.3535864949,14.0,34.1135,takala_financial_phrasebank_bert-large-uncased-whole-word-masking-finetuned-squad
takala/financial_phrasebank,,distilbert-base-uncased,0.9194857916,0.9193918018,0.9197027777,0.9194857916,0.2379130125,11.0,5.5353,takala_financial_phrasebank_distilbert-base-uncased
takala/financial_phrasebank,,distilbert-base-uncased-distilled-squad,0.9120433018,0.9122204201,0.9126816447,0.9120433018,0.2725434899,11.0,5.3467,takala_financial_phrasebank_distilbert-base-uncased-distilled-squad
takala/financial_phrasebank,,distilbert-base-uncased-finetuned-sst-2-english,0.9242219215,0.9241215346,0.9241867066,0.9242219215,0.2727430761,12.0,5.392,takala_financial_phrasebank_distilbert-base-uncased-finetuned-sst-2-english
takala/financial_phrasebank,,distilroberta-base,0.9282814614,0.9281053704,0.9280154982,0.9282814614,0.2637171745,12.0,5.2728,takala_financial_phrasebank_distilroberta-base
takala/financial_phrasebank,,roberta-base,0.9343707713,0.9342864613,0.9342303565,0.9343707713,0.3325940073,18.0,10.1624,takala_financial_phrasebank_roberta-base
takala/financial_phrasebank,,xlm-roberta-base,0.898511502,0.8967855101,0.9011708224,0.898511502,0.3422146142,11.0,10.0175,takala_financial_phrasebank_xlm-roberta-base
odegiber/hate_speech18,,albert-base-v2,0.8511415525,0.8483214298,0.8493511762,0.8511415525,0.3716448545,12.0,9.2011,odegiber_hate_speech18_albert-base-v2
odegiber/hate_speech18,,bert-base-multilingual-uncased,0.8657534247,0.8624490274,0.8607644069,0.8657534247,0.3632079959,12.0,7.8065,odegiber_hate_speech18_bert-base-multilingual-uncased
odegiber/hate_speech18,,bert-base-uncased,0.8748858447,0.8683909432,0.8637440538,0.8748858447,0.3435365856,11.0,7.8696,odegiber_hate_speech18_bert-base-uncased
odegiber/hate_speech18,,bert-large-uncased,0.8712328767,0.8112798091,0.7590467255,0.8712328767,0.4698720574,21.0,24.5997,odegiber_hate_speech18_bert-large-uncased
odegiber/hate_speech18,,bert-large-uncased-whole-word-masking-finetuned-squad,0.8712328767,0.8112798091,0.7590467255,0.8712328767,0.4704956114,21.0,24.8392,odegiber_hate_speech18_bert-large-uncased-whole-word-masking-finetuned-squad
odegiber/hate_speech18,,distilbert-base-uncased,0.8913242009,0.8774276053,0.867468652,0.8913242009,0.3150911927,11.0,4.1154,odegiber_hate_speech18_distilbert-base-uncased
odegiber/hate_speech18,,distilbert-base-uncased-distilled-squad,0.8876712329,0.8781536125,0.869382738,0.8876712329,0.3445474803,11.0,3.9809,odegiber_hate_speech18_distilbert-base-uncased-distilled-squad
odegiber/hate_speech18,,distilbert-base-uncased-finetuned-sst-2-english,0.8940639269,0.8769931076,0.866035225,0.8940639269,0.3427488804,11.0,3.9655,odegiber_hate_speech18_distilbert-base-uncased-finetuned-sst-2-english
odegiber/hate_speech18,,distilroberta-base,0.8812785388,0.8732302116,0.8654530904,0.8812785388,0.3492625952,11.0,3.9112,odegiber_hate_speech18_distilroberta-base
odegiber/hate_speech18,,roberta-base,0.8831050228,0.8746427998,0.8664357319,0.8831050228,0.3427312374,11.0,7.5604,odegiber_hate_speech18_roberta-base
odegiber/hate_speech18,,xlm-roberta-base,0.8712328767,0.8112798091,0.7590467255,0.8712328767,0.4719240069,11.0,7.4311,odegiber_hate_speech18_xlm-roberta-base
tdavidson/hate_speech_offensive,,albert-base-v2,0.8814037919,0.8768572584,0.8763342185,0.8814037919,0.3756145239,16.0,20.6552,tdavidson_hate_speech_offensive_albert-base-v2
tdavidson/hate_speech_offensive,,bert-base-multilingual-uncased,0.9056070996,0.8859796808,0.8853565906,0.9056070996,0.3590558767,14.0,17.6258,tdavidson_hate_speech_offensive_bert-base-multilingual-uncased
tdavidson/hate_speech_offensive,,bert-base-uncased,0.9088342073,0.8820548564,0.9139536199,0.9088342073,0.2968400717,12.0,17.7645,tdavidson_hate_speech_offensive_bert-base-uncased
tdavidson/hate_speech_offensive,,bert-large-uncased,0.9100443727,0.882533955,0.8569338443,0.9100443727,0.3278384507,12.0,56.5624,tdavidson_hate_speech_offensive_bert-large-uncased
tdavidson/hate_speech_offensive,,bert-large-uncased-whole-word-masking-finetuned-squad,0.890278338,0.8638957924,0.8396700597,0.890278338,0.4527638555,11.0,57.099,tdavidson_hate_speech_offensive_bert-large-uncased-whole-word-masking-finetuned-squad
tdavidson/hate_speech_offensive,,distilbert-base-uncased,0.8975393304,0.8697701579,0.9034254074,0.8975393304,0.3169979453,12.0,9.285,tdavidson_hate_speech_offensive_distilbert-base-uncased
tdavidson/hate_speech_offensive,,distilbert-base-uncased-distilled-squad,0.9039935458,0.8763014865,0.8502642324,0.9039935458,0.2808530331,12.0,8.9496,tdavidson_hate_speech_offensive_distilbert-base-uncased-distilled-squad
tdavidson/hate_speech_offensive,,distilbert-base-uncased-finetuned-sst-2-english,0.8995562727,0.8856646506,0.8811057734,0.8995562727,0.3169729114,12.0,9.0409,tdavidson_hate_speech_offensive_distilbert-base-uncased-finetuned-sst-2-english
tdavidson/hate_speech_offensive,,distilroberta-base,0.9007664381,0.8728337691,0.8469208689,0.9007664381,0.3286243081,12.0,8.888,tdavidson_hate_speech_offensive_distilroberta-base
tdavidson/hate_speech_offensive,,roberta-base,0.8971359419,0.869124621,0.8432794643,0.8971359419,0.330165565,11.0,17.0555,tdavidson_hate_speech_offensive_roberta-base
tdavidson/hate_speech_offensive,,xlm-roberta-base,0.7712787414,0.6716852442,0.594870897,0.7712787414,0.6686316133,18.0,16.8267,tdavidson_hate_speech_offensive_xlm-roberta-base
Yelp/yelp_review_full,,albert-base-v2,0.5412,0.5305299395,0.5366449504,0.5412,1.0986925364,13.0,42.3214,Yelp_yelp_review_full_albert-base-v2
Yelp/yelp_review_full,,bert-base-multilingual-uncased,0.5502,0.5566526568,0.5759391826,0.5502,1.0364660025,12.0,35.7819,Yelp_yelp_review_full_bert-base-multilingual-uncased
Yelp/yelp_review_full,,bert-base-uncased,0.5708,0.576521248,0.59861678,0.5708,0.9893749952,12.0,35.6936,Yelp_yelp_review_full_bert-base-uncased
Yelp/yelp_review_full,,bert-large-uncased,0.2022,0.0680167027,0.04088484,0.2022,1.6098749638,15.0,113.8754,Yelp_yelp_review_full_bert-large-uncased
Yelp/yelp_review_full,,bert-large-uncased-whole-word-masking-finetuned-squad,0.578,0.5751653742,0.5919198082,0.578,1.0593876839,13.0,116.8786,Yelp_yelp_review_full_bert-large-uncased-whole-word-masking-finetuned-squad
Yelp/yelp_review_full,,distilbert-base-uncased,0.5784,0.5804287201,0.5908143818,0.5784,0.9957261682,12.0,18.7548,Yelp_yelp_review_full_distilbert-base-uncased
Yelp/yelp_review_full,,distilbert-base-uncased-distilled-squad,0.576,0.5772566205,0.5807296602,0.576,1.0016189814,12.0,18.3411,Yelp_yelp_review_full_distilbert-base-uncased-distilled-squad
Yelp/yelp_review_full,,distilbert-base-uncased-finetuned-sst-2-english,0.5726,0.5776356717,0.5867190646,0.5726,0.9876599312,12.0,18.259,Yelp_yelp_review_full_distilbert-base-uncased-finetuned-sst-2-english
Yelp/yelp_review_full,,distilroberta-base,0.5926,0.5982275989,0.611438078,0.5926,0.9623122215,12.0,17.9202,Yelp_yelp_review_full_distilroberta-base
Yelp/yelp_review_full,,roberta-base,0.5982,0.5997529581,0.6122345408,0.5982,0.9207948446,12.0,34.8753,Yelp_yelp_review_full_roberta-base
Yelp/yelp_review_full,,xlm-roberta-base,0.1984,0.0656918558,0.03936256,0.1984,1.6099952459,15.0,34.5589,Yelp_yelp_review_full_xlm-roberta-base
SetFit/go_emotions,,albert-base-v2,0.4674,0.3866907224,0.3571067641,0.4674,2.0837807655,19.0,42.0504,SetFit_go_emotions_albert-base-v2
SetFit/go_emotions,,bert-base-multilingual-uncased,0.4968,0.4778088982,0.5112744981,0.4968,1.7860535383,13.0,35.6961,SetFit_go_emotions_bert-base-multilingual-uncased
SetFit/go_emotions,,bert-base-uncased,0.5256,0.4906950372,0.5079439501,0.5256,1.6617488861,12.0,35.6602,SetFit_go_emotions_bert-base-uncased
SetFit/go_emotions,,bert-large-uncased,0.4752,0.3727826541,0.3479587709,0.4752,2.0377831459,11.0,114.7837,SetFit_go_emotions_bert-large-uncased
SetFit/go_emotions,,bert-large-uncased-whole-word-masking-finetuned-squad,0.5004,0.4737115693,0.523794954,0.5004,1.7812738419,13.0,115.7819,SetFit_go_emotions_bert-large-uncased-whole-word-masking-finetuned-squad
SetFit/go_emotions,,distilbert-base-uncased,0.5334,0.4811596962,0.4960117628,0.5334,1.6579781771,12.0,18.7436,SetFit_go_emotions_distilbert-base-uncased
SetFit/go_emotions,,distilbert-base-uncased-distilled-squad,0.5254,0.485394516,0.5143081694,0.5254,1.6873222589,12.0,18.1668,SetFit_go_emotions_distilbert-base-uncased-distilled-squad
SetFit/go_emotions,,distilbert-base-uncased-finetuned-sst-2-english,0.5284,0.4812055968,0.5066406731,0.5284,1.6821243763,12.0,18.2229,SetFit_go_emotions_distilbert-base-uncased-finetuned-sst-2-english
SetFit/go_emotions,,distilroberta-base,0.5246,0.4774260808,0.5077884538,0.5246,1.6864925623,12.0,17.7191,SetFit_go_emotions_distilroberta-base
SetFit/go_emotions,,roberta-base,0.5238,0.5136583044,0.5360179274,0.5238,1.6747655869,13.0,34.5278,SetFit_go_emotions_roberta-base
SetFit/go_emotions,,xlm-roberta-base,0.3292,0.1630644598,0.10837264,0.3292,2.6826064587,29.0,33.9242,SetFit_go_emotions_xlm-roberta-base
sh0416/ag_news,,albert-base-v2,0.8728,0.8731105505,0.8750292698,0.8728,0.5102821589,11.0,42.0375,sh0416_ag_news_albert-base-v2
sh0416/ag_news,,bert-base-multilingual-uncased,0.8774,0.8769855089,0.8837340698,0.8774,0.4425260723,11.0,35.7548,sh0416_ag_news_bert-base-multilingual-uncased
sh0416/ag_news,,bert-base-uncased,0.8824,0.8806688309,0.8853838582,0.8824,0.4083786011,11.0,35.9358,sh0416_ag_news_bert-base-uncased
sh0416/ag_news,,bert-large-uncased,0.873,0.8709375314,0.8842313151,0.873,0.4694492221,11.0,115.3126,sh0416_ag_news_bert-large-uncased
sh0416/ag_news,,bert-large-uncased-whole-word-masking-finetuned-squad,0.8926,0.8928563565,0.8976342313,0.8926,0.42258057,11.0,116.0196,sh0416_ag_news_bert-large-uncased-whole-word-masking-finetuned-squad
sh0416/ag_news,,distilbert-base-uncased,0.8946,0.8942503927,0.8987896899,0.8946,0.3559628129,11.0,18.7418,sh0416_ag_news_distilbert-base-uncased
sh0416/ag_news,,distilbert-base-uncased-distilled-squad,0.8904,0.8898338741,0.8929302059,0.8904,0.3533714414,11.0,18.1982,sh0416_ag_news_distilbert-base-uncased-distilled-squad
sh0416/ag_news,,distilbert-base-uncased-finetuned-sst-2-english,0.8962,0.8963974531,0.9001473194,0.8962,0.3471538424,11.0,18.2463,sh0416_ag_news_distilbert-base-uncased-finetuned-sst-2-english
sh0416/ag_news,,distilroberta-base,0.8918,0.8911852461,0.8960670689,0.8918,0.3921320736,11.0,18.0026,sh0416_ag_news_distilroberta-base
sh0416/ag_news,,roberta-base,0.9098,0.9097170621,0.9104564171,0.9098,0.3902297616,13.0,34.5835,sh0416_ag_news_roberta-base
sh0416/ag_news,,xlm-roberta-base,0.861,0.8613291197,0.8694542323,0.861,0.4696491063,11.0,34.073,sh0416_ag_news_xlm-roberta-base
liaad/newspop,,albert-base-v2,0.993,0.9930031475,0.9930332609,0.993,0.0492109507,16.0,41.856,liaad_newspop_albert-base-v2
liaad/newspop,,bert-base-multilingual-uncased,0.9944,0.9943993417,0.9944039596,0.9944,0.0379758254,14.0,35.5349,liaad_newspop_bert-base-multilingual-uncased
liaad/newspop,,bert-base-uncased,0.9968,0.9968002076,0.9968009728,0.9968,0.0165072419,12.0,35.8795,liaad_newspop_bert-base-uncased
liaad/newspop,,bert-large-uncased,0.9908,0.9908087664,0.9909532572,0.9908,0.0529278368,12.0,115.1411,liaad_newspop_bert-large-uncased
liaad/newspop,,bert-large-uncased-whole-word-masking-finetuned-squad,0.9894,0.9893973581,0.9895541029,0.9894,0.0492632017,11.0,115.8451,liaad_newspop_bert-large-uncased-whole-word-masking-finetuned-squad
liaad/newspop,,distilbert-base-uncased,0.9946,0.9945796291,0.9946068066,0.9946,0.0202233009,11.0,18.7513,liaad_newspop_distilbert-base-uncased
liaad/newspop,,distilbert-base-uncased-distilled-squad,0.9944,0.9943875432,0.9944008367,0.9944,0.0255226884,11.0,18.1954,liaad_newspop_distilbert-base-uncased-distilled-squad
liaad/newspop,,distilbert-base-uncased-finetuned-sst-2-english,0.994,0.9939745855,0.9940191528,0.994,0.023106385,11.0,18.2212,liaad_newspop_distilbert-base-uncased-finetuned-sst-2-english
liaad/newspop,,distilroberta-base,0.995,0.9950019758,0.9950212669,0.995,0.0308690574,15.0,17.9675,liaad_newspop_distilroberta-base
liaad/newspop,,roberta-base,0.9942,0.9941931838,0.9942099192,0.9942,0.0188482236,11.0,34.5196,liaad_newspop_roberta-base
liaad/newspop,,xlm-roberta-base,0.995,0.9950004738,0.9950013614,0.995,0.0387564078,27.0,34.0408,liaad_newspop_xlm-roberta-base
tuetschek/atis,,albert-base-v2,0.9650900901,0.9658918502,0.9704794681,0.9650900901,0.2628519237,28.0,7.5144,tuetschek_atis_albert-base-v2
tuetschek/atis,,bert-base-multilingual-uncased,0.9797297297,0.9787732649,0.9821005245,0.9797297297,0.1702487916,31.0,6.3371,tuetschek_atis_bert-base-multilingual-uncased
tuetschek/atis,,bert-base-uncased,0.9763513514,0.9760388422,0.9796112194,0.9763513514,0.2041323483,20.0,6.3689,tuetschek_atis_bert-base-uncased
tuetschek/atis,,bert-large-uncased,0.9560810811,0.9470604702,0.9453397092,0.9560810811,0.2748352885,17.0,20.1236,tuetschek_atis_bert-large-uncased
tuetschek/atis,,bert-large-uncased-whole-word-masking-finetuned-squad,0.9684684685,0.9625145803,0.9579631761,0.9684684685,0.2027106583,18.0,20.5956,tuetschek_atis_bert-large-uncased-whole-word-masking-finetuned-squad
tuetschek/atis,,distilbert-base-uncased,0.9831081081,0.9841249377,0.9874338893,0.9831081081,0.1102396548,12.0,3.3189,tuetschek_atis_distilbert-base-uncased
tuetschek/atis,,distilbert-base-uncased-distilled-squad,0.981981982,0.9818120125,0.9845826523,0.981981982,0.2183155715,27.0,3.2408,tuetschek_atis_distilbert-base-uncased-distilled-squad
tuetschek/atis,,distilbert-base-uncased-finetuned-sst-2-english,0.981981982,0.9818394148,0.9849262147,0.981981982,0.2034798712,26.0,3.2334,tuetschek_atis_distilbert-base-uncased-finetuned-sst-2-english
tuetschek/atis,,distilroberta-base,0.9808558559,0.980143887,0.982755795,0.9808558559,0.1891830564,17.0,3.1696,tuetschek_atis_distilroberta-base
tuetschek/atis,,roberta-base,0.9808558559,0.9804281195,0.9834722792,0.9808558559,0.1861196756,29.0,6.0915,tuetschek_atis_roberta-base
tuetschek/atis,,xlm-roberta-base,0.9786036036,0.977814196,0.9801670671,0.9786036036,0.1865600795,22.0,6.0111,tuetschek_atis_xlm-roberta-base
google-research-datasets/google_wellformed_query,,albert-base-v2,0.3948051948,0.3097242533,0.2969215443,0.3948051948,1.5602895021,14.0,32.5696,google-research-datasets_google_wellformed_query_albert-base-v2
google-research-datasets/google_wellformed_query,,bert-base-multilingual-uncased,0.3922077922,0.3489687453,0.3320394628,0.3922077922,1.503702879,12.0,27.4392,google-research-datasets_google_wellformed_query_bert-base-multilingual-uncased
google-research-datasets/google_wellformed_query,,bert-base-uncased,0.4101298701,0.3892363586,0.3818438035,0.4101298701,1.4945707321,12.0,27.6048,google-research-datasets_google_wellformed_query_bert-base-uncased
google-research-datasets/google_wellformed_query,,bert-large-uncased,0.2394805195,0.092540251,0.0573509192,0.2394805195,1.7750527859,19.0,86.6373,google-research-datasets_google_wellformed_query_bert-large-uncased
google-research-datasets/google_wellformed_query,,bert-large-uncased-whole-word-masking-finetuned-squad,0.2394805195,0.092540251,0.0573509192,0.2394805195,1.7766160965,19.0,88.8068,google-research-datasets_google_wellformed_query_bert-large-uncased-whole-word-masking-finetuned-squad
google-research-datasets/google_wellformed_query,,distilbert-base-uncased,0.4062337662,0.2864343589,0.3501460058,0.4062337662,1.513797164,11.0,14.4429,google-research-datasets_google_wellformed_query_distilbert-base-uncased
google-research-datasets/google_wellformed_query,,distilbert-base-uncased-distilled-squad,0.3914285714,0.3620010635,0.3557962366,0.3914285714,1.5076088905,12.0,14.0519,google-research-datasets_google_wellformed_query_distilbert-base-uncased-distilled-squad
google-research-datasets/google_wellformed_query,,distilbert-base-uncased-finetuned-sst-2-english,0.3968831169,0.3451997223,0.3423562021,0.3968831169,1.548760891,12.0,14.0006,google-research-datasets_google_wellformed_query_distilbert-base-uncased-finetuned-sst-2-english
google-research-datasets/google_wellformed_query,,distilroberta-base,0.3997402597,0.332551706,0.3246262204,0.3997402597,1.4956732988,12.0,13.6962,google-research-datasets_google_wellformed_query_distilroberta-base
google-research-datasets/google_wellformed_query,,roberta-base,0.4103896104,0.3584954753,0.3482291458,0.4103896104,1.4497592449,12.0,26.4806,google-research-datasets_google_wellformed_query_roberta-base
google-research-datasets/google_wellformed_query,,xlm-roberta-base,0.3654545455,0.286533715,0.2667277078,0.3654545455,1.6213526726,15.0,26.163,google-research-datasets_google_wellformed_query_xlm-roberta-base
SetFit/enron_spam,,albert-base-v2,0.979,0.9789977945,0.9790915763,0.979,0.1006733403,15.0,16.7482,SetFit_enron_spam_albert-base-v2
SetFit/enron_spam,,bert-base-multilingual-uncased,0.9855,0.9854991842,0.9855382926,0.9855,0.090031825,14.0,14.2853,SetFit_enron_spam_bert-base-multilingual-uncased
SetFit/enron_spam,,bert-base-uncased,0.9915,0.9914996578,0.9915236128,0.9915,0.0418572687,12.0,14.3162,SetFit_enron_spam_bert-base-uncased
SetFit/enron_spam,,bert-large-uncased,0.99,0.99000015,0.9900181201,0.99,0.0586066209,12.0,46.2387,SetFit_enron_spam_bert-large-uncased
SetFit/enron_spam,,bert-large-uncased-whole-word-masking-finetuned-squad,0.496,0.3288983957,0.246016,0.496,0.6774964333,11.0,46.048,SetFit_enron_spam_bert-large-uncased-whole-word-masking-finetuned-squad
SetFit/enron_spam,,distilbert-base-uncased,0.986,0.9859985297,0.9860937334,0.986,0.0630860776,11.0,7.4988,SetFit_enron_spam_distilbert-base-uncased
SetFit/enron_spam,,distilbert-base-uncased-distilled-squad,0.9885,0.9885000431,0.9885005805,0.9885,0.050604064,20.0,7.2941,SetFit_enron_spam_distilbert-base-uncased-distilled-squad
SetFit/enron_spam,,distilbert-base-uncased-finetuned-sst-2-english,0.985,0.9849995049,0.9850167433,0.985,0.0739169791,13.0,7.2849,SetFit_enron_spam_distilbert-base-uncased-finetuned-sst-2-english
SetFit/enron_spam,,distilroberta-base,0.9885,0.9885000431,0.9885005805,0.9885,0.0727541298,17.0,7.2288,SetFit_enron_spam_distilroberta-base
SetFit/enron_spam,,roberta-base,0.988,0.9879992199,0.9880478555,0.988,0.089516446,17.0,14.0756,SetFit_enron_spam_roberta-base
SetFit/enron_spam,,xlm-roberta-base,0.987,0.987000156,0.9870082081,0.987,0.0730859041,18.0,13.8696,SetFit_enron_spam_xlm-roberta-base
zefang-liu/phishing-email-dataset,,albert-base-v2,0.964055794,0.9642033336,0.9649081322,0.964055794,0.1232993975,13.0,15.6838,zefang-liu_phishing-email-dataset_albert-base-v2
zefang-liu/phishing-email-dataset,,bert-base-multilingual-uncased,0.9683476395,0.968446017,0.9688538478,0.9683476395,0.1368619353,13.0,13.3301,zefang-liu_phishing-email-dataset_bert-base-multilingual-uncased
zefang-liu/phishing-email-dataset,,bert-base-uncased,0.964055794,0.9643015965,0.9662834253,0.964055794,0.0892568305,11.0,13.333,zefang-liu_phishing-email-dataset_bert-base-uncased
zefang-liu/phishing-email-dataset,,bert-large-uncased,0.9683476395,0.9684775624,0.9691675123,0.9683476395,0.1062847897,15.0,42.6089,zefang-liu_phishing-email-dataset_bert-large-uncased
zefang-liu/phishing-email-dataset,,bert-large-uncased-whole-word-masking-finetuned-squad,0.625,0.4807692308,0.390625,0.625,0.6617577076,12.0,42.6267,zefang-liu_phishing-email-dataset_bert-large-uncased-whole-word-masking-finetuned-squad
zefang-liu/phishing-email-dataset,,distilbert-base-uncased,0.9672746781,0.9673248056,0.9674460541,0.9672746781,0.0799998194,11.0,6.9884,zefang-liu_phishing-email-dataset_distilbert-base-uncased
zefang-liu/phishing-email-dataset,,distilbert-base-uncased-distilled-squad,0.9672746781,0.9673846766,0.9678594795,0.9672746781,0.1012286395,12.0,6.7833,zefang-liu_phishing-email-dataset_distilbert-base-uncased-distilled-squad
zefang-liu/phishing-email-dataset,,distilbert-base-uncased-finetuned-sst-2-english,0.9678111588,0.9679393497,0.96859194,0.9678111588,0.109296076,12.0,6.7912,zefang-liu_phishing-email-dataset_distilbert-base-uncased-finetuned-sst-2-english
zefang-liu/phishing-email-dataset,,distilroberta-base,0.9672746781,0.9673336266,0.9674918071,0.9672746781,0.1136982292,12.0,6.7645,zefang-liu_phishing-email-dataset_distilroberta-base
zefang-liu/phishing-email-dataset,,roberta-base,0.9651287554,0.965219195,0.9655204368,0.9651287554,0.1498778909,13.0,13.0637,zefang-liu_phishing-email-dataset_roberta-base
zefang-liu/phishing-email-dataset,,xlm-roberta-base,0.9699570815,0.9700912931,0.9708994805,0.9699570815,0.1061452553,16.0,12.9857,zefang-liu_phishing-email-dataset_xlm-roberta-base
fancyzhx/amazon_polarity,,albert-base-v2,0.9104,0.9103787882,0.9106028086,0.9104,0.249164477,11.0,42.4072,fancyzhx_amazon_polarity_albert-base-v2
fancyzhx/amazon_polarity,,bert-base-multilingual-uncased,0.9092,0.9091561839,0.9104208942,0.9092,0.2537369728,11.0,35.7821,fancyzhx_amazon_polarity_bert-base-multilingual-uncased
fancyzhx/amazon_polarity,,bert-base-uncased,0.9364,0.9363815216,0.9366897368,0.9364,0.1790154278,11.0,35.9065,fancyzhx_amazon_polarity_bert-base-uncased
fancyzhx/amazon_polarity,,bert-large-uncased,0.9188,0.9187818039,0.9189943201,0.9188,0.266916275,12.0,115.4337,fancyzhx_amazon_polarity_bert-large-uncased
fancyzhx/amazon_polarity,,bert-large-uncased-whole-word-masking-finetuned-squad,0.9246,0.9245958825,0.9246243934,0.9246,0.240876615,11.0,116.3432,fancyzhx_amazon_polarity_bert-large-uncased-whole-word-masking-finetuned-squad
fancyzhx/amazon_polarity,,distilbert-base-uncased,0.9204,0.9203745867,0.9213073336,0.9204,0.2264549583,11.0,18.7525,fancyzhx_amazon_polarity_distilbert-base-uncased
fancyzhx/amazon_polarity,,distilbert-base-uncased-distilled-squad,0.922,0.9219580517,0.9233648711,0.922,0.2587059736,12.0,18.2636,fancyzhx_amazon_polarity_distilbert-base-uncased-distilled-squad
fancyzhx/amazon_polarity,,distilbert-base-uncased-finetuned-sst-2-english,0.9234,0.9233941261,0.92376078,0.9234,0.2224684507,11.0,18.2244,fancyzhx_amazon_polarity_distilbert-base-uncased-finetuned-sst-2-english
fancyzhx/amazon_polarity,,distilroberta-base,0.9272,0.9271994408,0.9272000686,0.9272,0.208381623,11.0,17.9702,fancyzhx_amazon_polarity_distilroberta-base
fancyzhx/amazon_polarity,,roberta-base,0.9362,0.9361883694,0.9368250207,0.9362,0.2185638249,12.0,34.6709,fancyzhx_amazon_polarity_roberta-base
fancyzhx/amazon_polarity,,xlm-roberta-base,0.9128,0.9127480124,0.9134574726,0.9128,0.2708252966,13.0,34.4493,fancyzhx_amazon_polarity_xlm-roberta-base
fancyzhx/dbpedia_14,,albert-base-v2,0.9742,0.9741483535,0.9747952558,0.9742,0.1445554495,13.0,42.3379,fancyzhx_dbpedia_14_albert-base-v2
fancyzhx/dbpedia_14,,bert-base-multilingual-uncased,0.984,0.9840298427,0.9842742173,0.984,0.0819872469,11.0,35.6693,fancyzhx_dbpedia_14_bert-base-multilingual-uncased
fancyzhx/dbpedia_14,,bert-base-uncased,0.9888,0.9888070975,0.9888950026,0.9888,0.0533909909,12.0,35.8836,fancyzhx_dbpedia_14_bert-base-uncased
fancyzhx/dbpedia_14,,bert-large-uncased,0.0746,0.0103576401,0.00556516,0.0746,2.6458523273,26.0,114.5104,fancyzhx_dbpedia_14_bert-large-uncased
fancyzhx/dbpedia_14,,bert-large-uncased-whole-word-masking-finetuned-squad,0.9848,0.9847956757,0.9848381824,0.9848,0.1089570448,17.0,116.7695,fancyzhx_dbpedia_14_bert-large-uncased-whole-word-masking-finetuned-squad
fancyzhx/dbpedia_14,,distilbert-base-uncased,0.989,0.988990129,0.9890745734,0.989,0.0520411991,12.0,18.7551,fancyzhx_dbpedia_14_distilbert-base-uncased
fancyzhx/dbpedia_14,,distilbert-base-uncased-distilled-squad,0.988,0.9880233915,0.988116092,0.988,0.0644922256,12.0,18.3102,fancyzhx_dbpedia_14_distilbert-base-uncased-distilled-squad
fancyzhx/dbpedia_14,,distilbert-base-uncased-finetuned-sst-2-english,0.9888,0.9888009498,0.9888453019,0.9888,0.0538666025,12.0,18.2023,fancyzhx_dbpedia_14_distilbert-base-uncased-finetuned-sst-2-english
fancyzhx/dbpedia_14,,distilroberta-base,0.9852,0.9852044937,0.9853083315,0.9852,0.066438511,12.0,17.9438,fancyzhx_dbpedia_14_distilroberta-base
fancyzhx/dbpedia_14,,roberta-base,0.9872,0.987200922,0.98724644,0.9872,0.0672566518,11.0,34.6091,fancyzhx_dbpedia_14_roberta-base
fancyzhx/dbpedia_14,,xlm-roberta-base,0.979,0.9790753935,0.9793571989,0.979,0.1320583373,16.0,34.3175,fancyzhx_dbpedia_14_xlm-roberta-base
community-datasets/yahoo_answers_topics,,albert-base-v2,0.647,0.6448800873,0.6554849847,0.647,1.1921989918,14.0,42.1956,community-datasets_yahoo_answers_topics_albert-base-v2
community-datasets/yahoo_answers_topics,,bert-base-multilingual-uncased,0.645,0.6380280974,0.6483147221,0.645,1.1713832617,11.0,35.6685,community-datasets_yahoo_answers_topics_bert-base-multilingual-uncased
community-datasets/yahoo_answers_topics,,bert-base-uncased,0.679,0.6761567209,0.6862114293,0.679,1.0287970304,11.0,35.8716,community-datasets_yahoo_answers_topics_bert-base-uncased
community-datasets/yahoo_answers_topics,,bert-large-uncased,0.681,0.678944817,0.6922775682,0.681,1.0201251507,11.0,115.4835,community-datasets_yahoo_answers_topics_bert-large-uncased
community-datasets/yahoo_answers_topics,,bert-large-uncased-whole-word-masking-finetuned-squad,0.641,0.6308081696,0.6575659629,0.641,1.2144011259,11.0,115.936,community-datasets_yahoo_answers_topics_bert-large-uncased-whole-word-masking-finetuned-squad
community-datasets/yahoo_answers_topics,,distilbert-base-uncased,0.679,0.6743051366,0.6867229001,0.679,1.0445617437,11.0,18.6301,community-datasets_yahoo_answers_topics_distilbert-base-uncased
community-datasets/yahoo_answers_topics,,distilbert-base-uncased-distilled-squad,0.6686,0.6657800527,0.6792377264,0.6686,1.0844914913,11.0,18.2187,community-datasets_yahoo_answers_topics_distilbert-base-uncased-distilled-squad
community-datasets/yahoo_answers_topics,,distilbert-base-uncased-finetuned-sst-2-english,0.6868,0.6832180107,0.6911558535,0.6868,1.0188803673,11.0,18.2015,community-datasets_yahoo_answers_topics_distilbert-base-uncased-finetuned-sst-2-english
community-datasets/yahoo_answers_topics,,distilroberta-base,0.669,0.6661608006,0.670083331,0.669,1.0588341951,12.0,17.9104,community-datasets_yahoo_answers_topics_distilroberta-base
community-datasets/yahoo_answers_topics,,roberta-base,0.6684,0.6686799905,0.6711571299,0.6684,1.0666582584,12.0,34.5831,community-datasets_yahoo_answers_topics_roberta-base
community-datasets/yahoo_answers_topics,,xlm-roberta-base,0.1004,0.0183209015,0.01008016,0.1004,2.3057498932,19.0,34.011,community-datasets_yahoo_answers_topics_xlm-roberta-base
nyu-mll/glue,cola,albert-base-v2,,,,,,14.0,0.0004,nyu-mll_glue@cola_albert-base-v2
nyu-mll/glue,cola,bert-base-multilingual-uncased,,,,,,11.0,0.0007,nyu-mll_glue@cola_bert-base-multilingual-uncased
nyu-mll/glue,cola,bert-base-uncased,,,,,,11.0,0.0008,nyu-mll_glue@cola_bert-base-uncased
nyu-mll/glue,cola,bert-large-uncased,,,,,,11.0,0.0016,nyu-mll_glue@cola_bert-large-uncased
nyu-mll/glue,cola,bert-large-uncased-whole-word-masking-finetuned-squad,,,,,,14.0,0.0012,nyu-mll_glue@cola_bert-large-uncased-whole-word-masking-finetuned-squad
nyu-mll/glue,cola,distilbert-base-uncased,,,,,,11.0,0.0006,nyu-mll_glue@cola_distilbert-base-uncased
nyu-mll/glue,cola,distilbert-base-uncased-distilled-squad,,,,,,11.0,0.0005,nyu-mll_glue@cola_distilbert-base-uncased-distilled-squad
nyu-mll/glue,cola,distilbert-base-uncased-finetuned-sst-2-english,,,,,,11.0,0.0005,nyu-mll_glue@cola_distilbert-base-uncased-finetuned-sst-2-english
nyu-mll/glue,cola,distilroberta-base,,,,,,11.0,0.0006,nyu-mll_glue@cola_distilroberta-base
nyu-mll/glue,cola,roberta-base,,,,,,11.0,0.001,nyu-mll_glue@cola_roberta-base
nyu-mll/glue,cola,xlm-roberta-base,,,,,,12.0,0.0008,nyu-mll_glue@cola_xlm-roberta-base
armanc/pubmed-rct20k,,albert-base-v2,0.7996,0.7980155179,0.8045034876,0.7996,0.569609046,12.0,42.3112,armanc_pubmed-rct20k_albert-base-v2
armanc/pubmed-rct20k,,bert-base-multilingual-uncased,0.8016,0.8021227597,0.8089152432,0.8016,0.5659716725,12.0,35.6777,armanc_pubmed-rct20k_bert-base-multilingual-uncased
armanc/pubmed-rct20k,,bert-base-uncased,0.8166,0.8166650553,0.8241062402,0.8166,0.507491827,11.0,35.7027,armanc_pubmed-rct20k_bert-base-uncased
armanc/pubmed-rct20k,,bert-large-uncased,0.808,0.8037547409,0.8037484582,0.808,0.5944095254,13.0,115.1769,armanc_pubmed-rct20k_bert-large-uncased
armanc/pubmed-rct20k,,bert-large-uncased-whole-word-masking-finetuned-squad,0.803,0.804419453,0.8093419678,0.803,0.5803178549,12.0,115.8621,armanc_pubmed-rct20k_bert-large-uncased-whole-word-masking-finetuned-squad
armanc/pubmed-rct20k,,distilbert-base-uncased,0.819,0.817439934,0.8219531786,0.819,0.5050957203,11.0,18.747,armanc_pubmed-rct20k_distilbert-base-uncased
armanc/pubmed-rct20k,,distilbert-base-uncased-distilled-squad,0.8196,0.8192791037,0.8199517902,0.8196,0.5348361135,12.0,18.2198,armanc_pubmed-rct20k_distilbert-base-uncased-distilled-squad
armanc/pubmed-rct20k,,distilbert-base-uncased-finetuned-sst-2-english,0.8044,0.8064647227,0.8115359516,0.8044,0.5339573026,11.0,18.2392,armanc_pubmed-rct20k_distilbert-base-uncased-finetuned-sst-2-english
armanc/pubmed-rct20k,,distilroberta-base,0.8338,0.8319987159,0.832232686,0.8338,0.4843399823,12.0,17.7824,armanc_pubmed-rct20k_distilroberta-base
armanc/pubmed-rct20k,,roberta-base,0.8114,0.813227282,0.8175445141,0.8114,0.571157217,11.0,34.5457,armanc_pubmed-rct20k_roberta-base
armanc/pubmed-rct20k,,xlm-roberta-base,0.7772,0.7788595316,0.7903575467,0.7772,0.6555820107,11.0,34.0259,armanc_pubmed-rct20k_xlm-roberta-base
coastalchp/ledgar,,albert-base-v2,0.6819363873,0.6707363736,0.6827038058,0.6819363873,1.4844551086,28.0,41.7845,coastalchp_ledgar_albert-base-v2
coastalchp/ledgar,,bert-base-multilingual-uncased,0.7765553111,0.76078589,0.7631926267,0.7765553111,0.9956626296,18.0,35.7224,coastalchp_ledgar_bert-base-multilingual-uncased
coastalchp/ledgar,,bert-base-uncased,0.7735547109,0.7475570102,0.7474565721,0.7735547109,0.9320744872,14.0,35.924,coastalchp_ledgar_bert-base-uncased
coastalchp/ledgar,,bert-large-uncased,0.7821564313,0.7633150353,0.772096253,0.7821564313,0.9313294291,15.0,115.3808,coastalchp_ledgar_bert-large-uncased
coastalchp/ledgar,,bert-large-uncased-whole-word-masking-finetuned-squad,0.0584116823,0.0064472543,0.0034119246,0.0584116823,4.3086194992,20.0,115.5811,coastalchp_ledgar_bert-large-uncased-whole-word-masking-finetuned-squad
coastalchp/ledgar,,distilbert-base-uncased,0.7809561912,0.7583469468,0.7594187255,0.7809561912,0.8744006753,14.0,18.7294,coastalchp_ledgar_distilbert-base-uncased
coastalchp/ledgar,,distilbert-base-uncased-distilled-squad,0.7675535107,0.7445501831,0.748519202,0.7675535107,0.9335548878,14.0,18.2863,coastalchp_ledgar_distilbert-base-uncased-distilled-squad
coastalchp/ledgar,,distilbert-base-uncased-finetuned-sst-2-english,0.7781556311,0.7576134373,0.7713321135,0.7781556311,0.8747073412,14.0,18.2604,coastalchp_ledgar_distilbert-base-uncased-finetuned-sst-2-english
coastalchp/ledgar,,distilroberta-base,0.7769553911,0.7518213162,0.7533326398,0.7769553911,0.9123598337,14.0,17.9592,coastalchp_ledgar_distilroberta-base
coastalchp/ledgar,,roberta-base,0.774754951,0.7523941155,0.7568395814,0.774754951,0.9278140068,16.0,34.6522,coastalchp_ledgar_roberta-base
coastalchp/ledgar,,xlm-roberta-base,0.7635527105,0.7418376852,0.7552610219,0.7635527105,0.9833663702,16.0,34.2189,coastalchp_ledgar_xlm-roberta-base
perctrix/unfair_tos,,albert-base-v2,0.9374288965,0.9331140572,0.9324080672,0.9374288965,0.260039866,13.0,7.4142,perctrix_unfair_tos_albert-base-v2
perctrix/unfair_tos,,bert-base-multilingual-uncased,0.9328782708,0.9290056878,0.9294294432,0.9328782708,0.336961478,15.0,6.2362,perctrix_unfair_tos_bert-base-multilingual-uncased
perctrix/unfair_tos,,bert-base-uncased,0.9465301479,0.9449151048,0.9465730542,0.9465301479,0.2451374829,13.0,6.3254,perctrix_unfair_tos_bert-base-uncased
perctrix/unfair_tos,,bert-large-uncased,0.9340159272,0.9334229655,0.9378471553,0.9340159272,0.263874352,13.0,20.0844,perctrix_unfair_tos_bert-large-uncased
perctrix/unfair_tos,,bert-large-uncased-whole-word-masking-finetuned-squad,0.9158134243,0.9175630713,0.9266303231,0.9158134243,0.3541541994,13.0,20.4128,perctrix_unfair_tos_bert-large-uncased-whole-word-masking-finetuned-squad
perctrix/unfair_tos,,distilbert-base-uncased,0.944254835,0.940061878,0.9414660856,0.944254835,0.2456063479,12.0,3.2999,perctrix_unfair_tos_distilbert-base-uncased
perctrix/unfair_tos,,distilbert-base-uncased-distilled-squad,0.93629124,0.936094931,0.9406643645,0.93629124,0.3036946058,14.0,3.2024,perctrix_unfair_tos_distilbert-base-uncased-distilled-squad
perctrix/unfair_tos,,distilbert-base-uncased-finetuned-sst-2-english,0.9408418658,0.9397192126,0.9420206171,0.9408418658,0.2564738393,13.0,3.2052,perctrix_unfair_tos_distilbert-base-uncased-finetuned-sst-2-english
perctrix/unfair_tos,,distilroberta-base,0.9476678043,0.9442522959,0.9429458434,0.9476678043,0.2345408499,12.0,3.1407,perctrix_unfair_tos_distilroberta-base
perctrix/unfair_tos,,roberta-base,0.9385665529,0.93730234,0.9398558797,0.9385665529,0.2600203454,13.0,6.0334,perctrix_unfair_tos_roberta-base
perctrix/unfair_tos,,xlm-roberta-base,0.9317406143,0.9285046899,0.9275368091,0.9317406143,0.3243876994,22.0,5.9837,perctrix_unfair_tos_xlm-roberta-base
ccdv/patent-classification,abstract,albert-base-v2,0.5188,0.4813543281,0.4991281204,0.5188,1.4281436205,17.0,42.3334,ccdv_patent-classification@abstract_albert-base-v2
ccdv/patent-classification,abstract,bert-base-multilingual-uncased,0.5826,0.551381111,0.5441602333,0.5826,1.2163096666,12.0,35.7376,ccdv_patent-classification@abstract_bert-base-multilingual-uncased
ccdv/patent-classification,abstract,bert-base-uncased,0.61,0.5758595341,0.5681495664,0.61,1.1361335516,11.0,35.8177,ccdv_patent-classification@abstract_bert-base-uncased
ccdv/patent-classification,abstract,bert-large-uncased,0.2214,0.0802652039,0.04901796,0.2214,1.9855706692,17.0,113.0599,ccdv_patent-classification@abstract_bert-large-uncased
ccdv/patent-classification,abstract,bert-large-uncased-whole-word-masking-finetuned-squad,0.2214,0.0802652039,0.04901796,0.2214,1.9858140945,17.0,114.4025,ccdv_patent-classification@abstract_bert-large-uncased-whole-word-masking-finetuned-squad
ccdv/patent-classification,abstract,distilbert-base-uncased,0.6118,0.5830182353,0.5674755292,0.6118,1.1167387962,11.0,18.7447,ccdv_patent-classification@abstract_distilbert-base-uncased
ccdv/patent-classification,abstract,distilbert-base-uncased-distilled-squad,0.6144,0.5858925019,0.5794648625,0.6144,1.1624137163,12.0,18.2521,ccdv_patent-classification@abstract_distilbert-base-uncased-distilled-squad
ccdv/patent-classification,abstract,distilbert-base-uncased-finetuned-sst-2-english,0.6066,0.5840840742,0.5759904249,0.6066,1.1463981867,11.0,18.2595,ccdv_patent-classification@abstract_distilbert-base-uncased-finetuned-sst-2-english
ccdv/patent-classification,abstract,distilroberta-base,0.6104,0.5825304137,0.5842521019,0.6104,1.1583405733,12.0,17.92,ccdv_patent-classification@abstract_distilroberta-base
ccdv/patent-classification,abstract,roberta-base,0.598,0.5671542466,0.5730953287,0.598,1.1933318377,12.0,34.8962,ccdv_patent-classification@abstract_roberta-base
ccdv/patent-classification,abstract,xlm-roberta-base,0.5622,0.5379552672,0.5533279554,0.5622,1.2770143747,13.0,34.4913,ccdv_patent-classification@abstract_xlm-roberta-base
jackhhao/jailbreak-classification,,albert-base-v2,0.9770992366,0.9770723909,0.9775047584,0.9770992366,0.1530418694,21.0,2.2191,jackhhao_jailbreak-classification_albert-base-v2
jackhhao/jailbreak-classification,,bert-base-multilingual-uncased,0.9541984733,0.954174339,0.9542620082,0.9541984733,0.1416319013,11.0,1.8763,jackhhao_jailbreak-classification_bert-base-multilingual-uncased
jackhhao/jailbreak-classification,,bert-base-uncased,0.9923664122,0.9923695349,0.9924885496,0.9923664122,0.0374977067,11.0,1.8641,jackhhao_jailbreak-classification_bert-base-uncased
jackhhao/jailbreak-classification,,bert-large-uncased,0.9961832061,0.9961822569,0.9962104689,0.9961832061,0.0235970858,15.0,5.9816,jackhhao_jailbreak-classification_bert-large-uncased
jackhhao/jailbreak-classification,,bert-large-uncased-whole-word-masking-finetuned-squad,0.9885496183,0.9885561399,0.9888222465,0.9885496183,0.0630869046,11.0,6.082,jackhhao_jailbreak-classification_bert-large-uncased-whole-word-masking-finetuned-squad
jackhhao/jailbreak-classification,,distilbert-base-uncased,0.9885496183,0.9885561399,0.9888222465,0.9885496183,0.027633585,12.0,0.9866,jackhhao_jailbreak-classification_distilbert-base-uncased
jackhhao/jailbreak-classification,,distilbert-base-uncased-distilled-squad,0.9809160305,0.9809112843,0.9809352486,0.9809160305,0.0971589014,15.0,0.9561,jackhhao_jailbreak-classification_distilbert-base-uncased-distilled-squad
jackhhao/jailbreak-classification,,distilbert-base-uncased-finetuned-sst-2-english,0.9961832061,0.9961822569,0.9962104689,0.9961832061,0.0140404068,12.0,0.9529,jackhhao_jailbreak-classification_distilbert-base-uncased-finetuned-sst-2-english
jackhhao/jailbreak-classification,,distilroberta-base,0.9770992366,0.9770723909,0.9775047584,0.9770992366,0.0900272503,12.0,0.9427,jackhhao_jailbreak-classification_distilroberta-base
jackhhao/jailbreak-classification,,roberta-base,0.9923664122,0.9923664122,0.9923664122,0.9923664122,0.0344648138,14.0,1.8344,jackhhao_jailbreak-classification_roberta-base
jackhhao/jailbreak-classification,,xlm-roberta-base,0.9770992366,0.9770871695,0.9771896173,0.9770992366,0.0853165463,11.0,1.8142,jackhhao_jailbreak-classification_xlm-roberta-base
raquiba/Sarcasm_News_Headline,,albert-base-v2,0.8584,0.8559801867,0.865542228,0.8584,0.317346096,12.0,42.2447,raquiba_Sarcasm_News_Headline_albert-base-v2
raquiba/Sarcasm_News_Headline,,bert-base-multilingual-uncased,0.8922,0.8922736473,0.8924078665,0.8922,0.2699517608,11.0,35.7255,raquiba_Sarcasm_News_Headline_bert-base-multilingual-uncased
raquiba/Sarcasm_News_Headline,,bert-base-uncased,0.9022,0.9025269388,0.9058886859,0.9022,0.2344795465,11.0,35.8783,raquiba_Sarcasm_News_Headline_bert-base-uncased
raquiba/Sarcasm_News_Headline,,bert-large-uncased,0.9022,0.9025170469,0.9055248403,0.9022,0.2672725916,11.0,114.5818,raquiba_Sarcasm_News_Headline_bert-large-uncased
raquiba/Sarcasm_News_Headline,,bert-large-uncased-whole-word-masking-finetuned-squad,0.889,0.8893537402,0.8921965335,0.889,0.2873280346,11.0,116.5822,raquiba_Sarcasm_News_Headline_bert-large-uncased-whole-word-masking-finetuned-squad
raquiba/Sarcasm_News_Headline,,distilbert-base-uncased,0.91,0.9101094397,0.9104328205,0.91,0.2274001539,11.0,18.6197,raquiba_Sarcasm_News_Headline_distilbert-base-uncased
raquiba/Sarcasm_News_Headline,,distilbert-base-uncased-distilled-squad,0.904,0.9042599372,0.9060233779,0.904,0.2390004843,11.0,18.2788,raquiba_Sarcasm_News_Headline_distilbert-base-uncased-distilled-squad
raquiba/Sarcasm_News_Headline,,distilbert-base-uncased-finetuned-sst-2-english,0.8964,0.8967591101,0.900652837,0.8964,0.2491851598,11.0,18.201,raquiba_Sarcasm_News_Headline_distilbert-base-uncased-finetuned-sst-2-english
raquiba/Sarcasm_News_Headline,,distilroberta-base,0.8844,0.8848317443,0.8917130879,0.8844,0.2952783704,11.0,17.8768,raquiba_Sarcasm_News_Headline_distilroberta-base
raquiba/Sarcasm_News_Headline,,roberta-base,0.8802,0.8805795829,0.8935873934,0.8802,0.2989412546,11.0,34.3817,raquiba_Sarcasm_News_Headline_roberta-base
raquiba/Sarcasm_News_Headline,,xlm-roberta-base,0.8664,0.8659028978,0.8664957828,0.8664,0.3336902857,12.0,34.107,raquiba_Sarcasm_News_Headline_xlm-roberta-base
CreativeLang/ColBERT_Humor_Detection,,albert-base-v2,0.9542,0.9541726222,0.9550543015,0.9542,0.160460785,13.0,42.1612,CreativeLang_ColBERT_Humor_Detection_albert-base-v2
CreativeLang/ColBERT_Humor_Detection,,bert-base-multilingual-uncased,0.9644,0.9643954884,0.964791144,0.9644,0.1576669216,13.0,35.681,CreativeLang_ColBERT_Humor_Detection_bert-base-multilingual-uncased
CreativeLang/ColBERT_Humor_Detection,,bert-base-uncased,0.9716,0.9716000591,0.9716004291,0.9716,0.1276095808,12.0,35.8208,CreativeLang_ColBERT_Humor_Detection_bert-base-uncased
CreativeLang/ColBERT_Humor_Detection,,bert-large-uncased,0.9744,0.9744002007,0.97441568,0.9744,0.1121380478,13.0,114.714,CreativeLang_ColBERT_Humor_Detection_bert-large-uncased
CreativeLang/ColBERT_Humor_Detection,,bert-large-uncased-whole-word-masking-finetuned-squad,0.9708,0.9708002102,0.9708255837,0.9708,0.1668353975,14.0,115.8006,CreativeLang_ColBERT_Humor_Detection_bert-large-uncased-whole-word-masking-finetuned-squad
CreativeLang/ColBERT_Humor_Detection,,distilbert-base-uncased,0.964,0.9639940081,0.9641966888,0.964,0.1049424559,11.0,18.7303,CreativeLang_ColBERT_Humor_Detection_distilbert-base-uncased
CreativeLang/ColBERT_Humor_Detection,,distilbert-base-uncased-distilled-squad,0.9608,0.960780626,0.9615008852,0.9608,0.1295061558,11.0,18.2017,CreativeLang_ColBERT_Humor_Detection_distilbert-base-uncased-distilled-squad
CreativeLang/ColBERT_Humor_Detection,,distilbert-base-uncased-finetuned-sst-2-english,0.9622,0.9622001134,0.9622009196,0.9622,0.1068785042,11.0,18.2027,CreativeLang_ColBERT_Humor_Detection_distilbert-base-uncased-finetuned-sst-2-english
CreativeLang/ColBERT_Humor_Detection,,distilroberta-base,0.9686,0.9686001444,0.9686022261,0.9686,0.1231378168,11.0,17.8455,CreativeLang_ColBERT_Humor_Detection_distilroberta-base
CreativeLang/ColBERT_Humor_Detection,,roberta-base,0.9652,0.9651962131,0.9653160273,0.9652,0.1230278835,11.0,34.4887,CreativeLang_ColBERT_Humor_Detection_roberta-base
CreativeLang/ColBERT_Humor_Detection,,xlm-roberta-base,0.9658,0.9657991176,0.9658156218,0.9658,0.1352328658,13.0,34.0713,CreativeLang_ColBERT_Humor_Detection_xlm-roberta-base
SetFit/subj,,albert-base-v2,0.9245,0.9245144402,0.92573159,0.9245,0.228365913,12.0,16.8149,SetFit_subj_albert-base-v2
SetFit/subj,,bert-base-multilingual-uncased,0.9415,0.9414220779,0.9423902375,0.9415,0.1942894757,11.0,14.2574,SetFit_subj_bert-base-multilingual-uncased
SetFit/subj,,bert-base-uncased,0.9455,0.9453668448,0.9476412316,0.9455,0.2019166499,12.0,14.2307,SetFit_subj_bert-base-uncased
SetFit/subj,,bert-large-uncased,0.9645,0.9645027094,0.9645174837,0.9645,0.1235758886,11.0,46.21,SetFit_subj_bert-large-uncased
SetFit/subj,,bert-large-uncased-whole-word-masking-finetuned-squad,0.9485,0.9484954293,0.9508849969,0.9485,0.1620510221,12.0,46.3507,SetFit_subj_bert-large-uncased-whole-word-masking-finetuned-squad
SetFit/subj,,distilbert-base-uncased,0.9625,0.9625056762,0.9625696087,0.9625,0.1475549936,12.0,7.4959,SetFit_subj_distilbert-base-uncased
SetFit/subj,,distilbert-base-uncased-distilled-squad,0.9535,0.9535048053,0.9535329853,0.9535,0.1512610167,11.0,7.3004,SetFit_subj_distilbert-base-uncased-distilled-squad
SetFit/subj,,distilbert-base-uncased-finetuned-sst-2-english,0.954,0.9539668035,0.9543645067,0.954,0.1301792562,11.0,7.2731,SetFit_subj_distilbert-base-uncased-finetuned-sst-2-english
SetFit/subj,,distilroberta-base,0.9565,0.9564907752,0.9565395225,0.9565,0.1865623742,11.0,7.0716,SetFit_subj_distilroberta-base
SetFit/subj,,roberta-base,0.9565,0.9565097123,0.9575760879,0.9565,0.1458895206,13.0,13.8079,SetFit_subj_roberta-base
SetFit/subj,,xlm-roberta-base,0.9385,0.9385063554,0.9385357171,0.9385,0.1782948822,12.0,13.6189,SetFit_subj_xlm-roberta-base
river-martin/web-of-science-with-label-texts,,albert-base-v2,0.7964,0.7956753045,0.8047323338,0.7964,0.6561090946,13.0,42.4454,river-martin_web-of-science-with-label-texts_albert-base-v2
river-martin/web-of-science-with-label-texts,,bert-base-multilingual-uncased,0.8598,0.8583622876,0.8608261067,0.8598,0.519518435,14.0,35.8259,river-martin_web-of-science-with-label-texts_bert-base-multilingual-uncased
river-martin/web-of-science-with-label-texts,,bert-base-uncased,0.8474,0.8483851504,0.8534316811,0.8474,0.5192575455,12.0,36.0258,river-martin_web-of-science-with-label-texts_bert-base-uncased
river-martin/web-of-science-with-label-texts,,bert-large-uncased,0.8532,0.8528386824,0.8561709604,0.8532,0.5283555388,13.0,116.2216,river-martin_web-of-science-with-label-texts_bert-large-uncased
river-martin/web-of-science-with-label-texts,,bert-large-uncased-whole-word-masking-finetuned-squad,0.4274,0.2971435042,0.237708964,0.4274,1.6143764257,11.0,115.735,river-martin_web-of-science-with-label-texts_bert-large-uncased-whole-word-masking-finetuned-squad
river-martin/web-of-science-with-label-texts,,distilbert-base-uncased,0.856,0.8547970394,0.8558618034,0.856,0.5600652099,13.0,18.7493,river-martin_web-of-science-with-label-texts_distilbert-base-uncased
river-martin/web-of-science-with-label-texts,,distilbert-base-uncased-distilled-squad,0.8304,0.8306931224,0.8349874679,0.8304,0.6112803221,13.0,18.3804,river-martin_web-of-science-with-label-texts_distilbert-base-uncased-distilled-squad
river-martin/web-of-science-with-label-texts,,distilbert-base-uncased-finetuned-sst-2-english,0.831,0.8317778757,0.8415989934,0.831,0.5590019226,12.0,18.2416,river-martin_web-of-science-with-label-texts_distilbert-base-uncased-finetuned-sst-2-english
river-martin/web-of-science-with-label-texts,,distilroberta-base,0.8156,0.8158941369,0.8277398822,0.8156,0.5773091912,12.0,18.2402,river-martin_web-of-science-with-label-texts_distilroberta-base
river-martin/web-of-science-with-label-texts,,roberta-base,0.847,0.8469225165,0.8483509352,0.847,0.5345115066,13.0,35.2707,river-martin_web-of-science-with-label-texts_roberta-base
river-martin/web-of-science-with-label-texts,,xlm-roberta-base,0.8416,0.8406239481,0.8422814522,0.8416,0.5281473398,14.0,35.0995,river-martin_web-of-science-with-label-texts_xlm-roberta-base
Abhi0072/HateXplain,,albert-base-v2,0.5632754342,0.5633955868,0.5672898888,0.5632754342,0.9235337973,15.0,16.9378,Abhi0072_HateXplain_albert-base-v2
Abhi0072/HateXplain,,bert-base-multilingual-uncased,0.5870967742,0.5389996653,0.5850365621,0.5870967742,0.9220072031,12.0,14.3308,Abhi0072_HateXplain_bert-base-multilingual-uncased
Abhi0072/HateXplain,,bert-base-uncased,0.6124069479,0.5658641277,0.5885562109,0.6124069479,0.8678998351,11.0,14.3627,Abhi0072_HateXplain_bert-base-uncased
Abhi0072/HateXplain,,bert-large-uncased,0.4263027295,0.2548323206,0.1817340172,0.4263027295,1.0824952126,12.0,46.2604,Abhi0072_HateXplain_bert-large-uncased
Abhi0072/HateXplain,,bert-large-uncased-whole-word-masking-finetuned-squad,0.4263027295,0.2548323206,0.1817340172,0.4263027295,1.0806369781,25.0,46.2555,Abhi0072_HateXplain_bert-large-uncased-whole-word-masking-finetuned-squad
Abhi0072/HateXplain,,distilbert-base-uncased,0.6,0.5975575867,0.5994854836,0.6,0.8898030519,12.0,7.5585,Abhi0072_HateXplain_distilbert-base-uncased
Abhi0072/HateXplain,,distilbert-base-uncased-distilled-squad,0.6019851117,0.5841151929,0.5922864078,0.6019851117,0.9183294773,12.0,7.3426,Abhi0072_HateXplain_distilbert-base-uncased-distilled-squad
Abhi0072/HateXplain,,distilbert-base-uncased-finetuned-sst-2-english,0.5970223325,0.5895094434,0.5858003551,0.5970223325,0.8835199475,11.0,7.3223,Abhi0072_HateXplain_distilbert-base-uncased-finetuned-sst-2-english
Abhi0072/HateXplain,,distilroberta-base,0.5920595533,0.5563222455,0.586309953,0.5920595533,0.9009190798,11.0,7.145,Abhi0072_HateXplain_distilroberta-base
Abhi0072/HateXplain,,roberta-base,0.459057072,0.3231564013,0.4183132373,0.459057072,1.053578496,12.0,13.9676,Abhi0072_HateXplain_roberta-base
Abhi0072/HateXplain,,xlm-roberta-base,0.4263027295,0.2548323206,0.1817340172,0.4263027295,1.08060956,14.0,13.6791,Abhi0072_HateXplain_xlm-roberta-base
toxigen/toxigen-data,annotated,albert-base-v2,0.5106382979,0.3797733837,0.3023184751,0.5106382979,1.1797267199,12.0,7.9163,toxigen_toxigen-data@annotated_albert-base-v2
toxigen/toxigen-data,annotated,bert-base-multilingual-uncased,0.529787234,0.4247373096,0.4934401074,0.529787234,1.0983797312,12.0,6.7194,toxigen_toxigen-data@annotated_bert-base-multilingual-uncased
toxigen/toxigen-data,annotated,bert-base-uncased,0.5361702128,0.4254215499,0.4122481015,0.5361702128,1.1067245007,11.0,6.7573,toxigen_toxigen-data@annotated_bert-base-uncased
toxigen/toxigen-data,annotated,bert-large-uncased,0.4744680851,0.3053575266,0.2251199638,0.4744680851,1.3019446135,25.0,20.9113,toxigen_toxigen-data@annotated_bert-large-uncased
toxigen/toxigen-data,annotated,bert-large-uncased-whole-word-masking-finetuned-squad,0.5329787234,0.4440549129,0.4773117443,0.5329787234,1.1226139069,12.0,21.8499,toxigen_toxigen-data@annotated_bert-large-uncased-whole-word-masking-finetuned-squad
toxigen/toxigen-data,annotated,distilbert-base-uncased,0.5329787234,0.4038333352,0.4351766166,0.5329787234,1.1098694801,11.0,3.4962,toxigen_toxigen-data@annotated_distilbert-base-uncased
toxigen/toxigen-data,annotated,distilbert-base-uncased-distilled-squad,0.5319148936,0.402654293,0.4421687709,0.5319148936,1.1201728582,11.0,3.4227,toxigen_toxigen-data@annotated_distilbert-base-uncased-distilled-squad
toxigen/toxigen-data,annotated,distilbert-base-uncased-finetuned-sst-2-english,0.5382978723,0.4199700155,0.4642898722,0.5382978723,1.0958712101,11.0,3.4149,toxigen_toxigen-data@annotated_distilbert-base-uncased-finetuned-sst-2-english
toxigen/toxigen-data,annotated,distilroberta-base,0.5361702128,0.3976315017,0.3180946049,0.5361702128,1.1060370207,11.0,3.3474,toxigen_toxigen-data@annotated_distilroberta-base
toxigen/toxigen-data,annotated,roberta-base,0.5340425532,0.4435204082,0.4020539332,0.5340425532,1.1147941351,12.0,6.4552,toxigen_toxigen-data@annotated_roberta-base
toxigen/toxigen-data,annotated,xlm-roberta-base,0.5159574468,0.3768704387,0.3132062115,0.5159574468,1.2218804359,11.0,6.3952,toxigen_toxigen-data@annotated_xlm-roberta-base
