text,label
Does anyone know how to troubleshoot the blinking red light on my Ring doorbell? I can't find any specific information online.,Specific
I just want to know what to do if my printer stops working unexpectedly during a print job.,General
"My laptop keeps showing a blue screen with error code 0x0000001E, and I have no idea what to do next. Any advice?",Specific
I need some help understanding why my computer is running slow. It's been really frustrating lately and I can't get much done.,General
I'm looking for support regarding the installation of the latest firmware on my SmartThings Hub. I've found conflicting instructions online. What’s the correct way?,Specific
I've been trying to reset my Netgear Nighthawk router but the reset button seems unresponsive. Any advice?,Specific
My Samsung Galaxy S10 is overheating and draining the battery too quickly. Any tips on how to fix this?,Specific
I'm looking for solutions to fix the Wi-Fi connectivity problems with my Netgear Nighthawk RAX200 router. It keeps disconnecting randomly during the day.,Specific
My router model TP-Link Archer A7 keeps dropping the internet connection intermittently. What steps can I take to resolve this?,Specific
Could someone explain how to reset the password for a Cisco router model 1921? I'm having a hard time accessing the admin panel.,Specific
"I recently upgraded my software to Windows 11 on my HP Envy laptop, and now my Bluetooth won't connect to my headphones. Any advice?",Specific
I am unable to log into my Google account on the Chromebook; it keeps saying my password is incorrect. What can be done?,Specific
"I need help with my MacBook Pro running macOS Monterey. It's giving me a 'kernel panic' error, and I don't know what to do next.",Specific
"Recently, I noticed my MacBook Pro charging port is loose, and the charger doesn’t connect properly anymore. What repair options are available for this?",Specific
What are some common solutions for devices that won't connect to Wi-Fi?,General
"I have an issue with my device, it won’t turn on. What should I try?",General
I need assistance with software installation but I'm not sure where to start or what I need. Can you help?,General
I'm having trouble with my Macbook Pro 2019. The screen goes black randomly. Is there a known issue with that model?,Specific
"I'm trying to figure out how to reset my Linksys router, but I can't find the model number anywhere. Can you help?",Specific
Could someone help me understand why my app won’t open? It just keeps closing unexpectedly.,General
"Can someone help me with my Fitbit Charge 4? The battery drains way too quickly after the last sync, and it's becoming unusable!",Specific
"The LED lights on my Netgear router are blinking red. What does this indicate, and how can I resolve it?",Specific
What are the best practices for maintaining system performance over time? I want to make sure my machine stays fast and responsive.,General
Can you provide guidance on how to fix the HDMI connection issue with my Samsung QLED TV?,Specific
My Microsoft Office 2019 keeps crashing every time I try to open an Excel file. Any fixes?,Specific
"I really need assistance with something related to my device, but I can't pinpoint what it is exactly.",General
Can you help me reset my Samsung Galaxy S21? I've tried everything but nothing works!,Specific
My Dell Inspiron 15 is displaying a blue screen with error code INACCESSIBLE_BOOT_DEVICE. Can you suggest how to troubleshoot this?,Specific
Can you explain how to back up my data? I'm not clear on the steps and I don't want to lose anything important.,General
"My phone isn't charging properly anymore, it just suddenly stopped working. What could be the problem?",General
My Windows 10 keeps freezing after I installed an AMD Radeon RX 5700 XT graphic card. What are the steps to diagnose the problem?,Specific
I am unable to connect my Echo Dot 4th Gen to Wi-Fi; it keeps saying 'unable to connect'.,Specific
"I can't connect to the Wi-Fi anymore. It's just not showing up on my list of networks, and I'm unsure about what to do next.",General
The battery on my Lenovo ThinkPad X1 is draining quickly; is there a way to check what apps are consuming the most power?,Specific
My microwave model EM720CPL-S microwave just won't heat up. Any specific advice on what might be wrong?,Specific
I'm having trouble with my Dell XPS 13 laptop. It keeps showing error code 0x80070057 when I try to update Windows.,Specific
I'm having trouble with my Samsung Galaxy S21. It keeps freezing and showing the error code 0x80070057. Can you help me resolve this?,Specific
Is there a way to speed up my old laptop? It feels like I've tried everything but nothing seems to work.,General
Can you tell me how to enable Dark Mode on my Google Pixel 5? I keep looking in the settings but can't find the option anywhere.,Specific
"Something seems off with my email. I can't receive messages properly, but I'm not seeing any error codes. What steps should I take to investigate?",General
I need help figuring out why my computer keeps freezing when I try to open any application.,General
Why is my computer so slow all of a sudden? It was working fine yesterday!,General
"I have a PlayStation 5, and it's making a loud fan noise during gameplay. Is this normal for that console, or should I be concerned?",Specific
I'm looking for guidance on how to manage my device storage better. It's getting full and I'm not sure what to delete or keep.,General
I'm having trouble with my Dell XPS 15 laptop; it keeps crashing with a blue screen error code 0x0000007B. Can you help?,Specific
"I keep running into issues with my email account, but I'm not sure how to get it working again. Any tips would be greatly appreciated.",General
Is there a way to resolve the connectivity issues with my Netgear Nighthawk RAX40 router? It's been dropping the internet frequently since last week.,Specific
I don't understand why the updates for my tablet are taking so long. Is this normal? Any information would be appreciated!,General
I'm trying to access my Nikon D750 settings but I can't figure out how to change the ISO. Any detailed instructions would be appreciated.,Specific
The screen on my Asus ROG Strix laptop has developed a strange color tint. It's really distracting when I'm gaming. What do you recommend?,Specific
I need help with resetting my Samsung Galaxy S21 to factory settings because it has been running slow lately. What’s the process for that?,Specific
Can someone explain why my gaming console keeps shutting down unexpectedly? I feel like there's no clear reason for it.,General
I keep getting a BSOD with error code 0x0000007B on my Windows 10 PC. I've tried restarting and safe mode but nothing works. What should I do?,Specific
"I keep seeing error messages pop up on my screen, and I'm not sure what they mean. Can I get some guidance on this?",General
Why does my phone keep crashing without warning? I need tips on how to prevent this from happening.,General
I've noticed some glitches while using my software. Any suggestions on common fixes or should I just reinstall?,General
"I need assistance regarding my network connection, it keeps dropping in and out, any suggestions?",General
"Is there a way to recover files from my corrupted USB drive? It's a SanDisk Ultra, and I really need to get my data back.",Specific
"My Samsung Galaxy S21 keeps freezing while using the camera app, particularly when I switch to night mode. What should I do?",Specific
Can someone tell me what I should do if my internet connection is really slow? It’s been frustrating lately.,General
"I need assistance with something related to my system, but I'm not clear on the specifics. It just seems to be malfunctioning.",General
Why does my Microsoft Surface Pro 7 keep freezing when I try to open Photoshop? Any thoughts on this?,Specific
My laptop randomly shuts down and I can’t figure out why it keeps doing that. It’s really concerning.,General
Can you provide the steps to configure dual monitors on my ASUS ROG Strix laptop?,Specific
I'm having issues with my computer and I need help figuring out what's wrong.,General
"I keep hearing strange noises from my laptop, and I'm worried it might be a hardware issue. Not sure what to check first though.",General
What should I do when my computer boots slowly? I'm not very tech-savvy and just want some general maintenance tips.,General
Can you provide assistance with my computer? I'm having some trouble using certain features.,General
Can you tell me how to fix issues with software updates? I've been having trouble finding a solution and it's important for my work.,General
"The app I use frequently is crashing. I don’t know if it’s my device or just the app itself, any thoughts?",General
"I need assistance with my Samsung Galaxy S21. The screen keeps going black randomly, and I've tried restarting it but no luck.",Specific
My iPhone 12 isn't charging properly; it stops charging at 50% and goes down from there. Any advice on how to resolve this issue?,Specific
I keep receiving a 'disk not found' error on my Western Digital external hard drive. Can you suggest some solutions?,Specific
My Samsung Smart TV model UN55NU7100 gets stuck while loading apps. Is there a firmware update or reset I should try?,Specific
"I've noticed that my laptop is overheating, and I'm unsure what to do about it. Any advice would be appreciated.",General
There’s a persistent error 404 when I try to access my website hosted on Bluehost. Is there something wrong with the server?,Specific
There’s a persistent error 404 on my WordPress site when trying to access the admin panel. What could be causing this issue?,Specific
I'm looking for help with my Wi-Fi connection; it seems to drop frequently when using my ASUS RT-AC66U router. Is there a way to stabilize the connection?,Specific
Can you help me figure out how to uninstall the latest Windows 10 update on my desktop? It's causing my system to crash.,Specific
"I think my phone isn't responding properly, it keeps freezing but I have no idea what's causing it.",General
My Dell laptop is running extremely slow after I updated to Windows 11. Any suggestions to improve its performance?,Specific
Can you assist me with the error message that appears on my HP LaserJet printer? It's showing 'Paper Jam' even though there’s nothing stuck in it.,Specific
I find it confusing when my device wants to update. How do I manage those updates effectively? Just looking for any advice.,General
Can anyone suggest ways to stop my phone from overheating? It gets really hot during the day and I'm not sure what to do.,General
"I need some advice on how to optimize my workstation for better performance, any general tips would be appreciated.",General
I really need assistance with setting up my Epson EcoTank printer. I can't seem to find the right drivers for my operating system.,Specific
"I’m not sure what’s wrong, but my phone keeps crashing and it won't stay on for long periods of time. I need it fixed soon!",General
"My Samsung Galaxy S21 is not charging properly, could someone help me figure out if the charger is faulty?",Specific
Can you help me with my computer issues?,General
I'm having trouble with my Canon PIXMA printer - it keeps showing error code 5011 and won't print.,Specific
"I’ve tried resetting my Roku device, but it still won’t connect to the internet. I'm using a Roku Ultra 2020 model, and it just shows a loading screen forever.",Specific
"Can you help me with some issues regarding my internet connection? It keeps dropping randomly throughout the day, and I don’t know why.",General
Could you guide me on how to reset the password for my Arlo security camera system? I can't find the instructions anywhere!,Specific
Can anyone provide insight on why my applications keep freezing? It's getting really annoying!,General
The sound on my LG OLED TV model 55CX is distorted. Is there a fix for this issue?,Specific
I've been trying to fix my email but nothing seems to work. Can someone tell me what's going on?,General
I need help with my iPhone 12. It's stuck on the Apple logo and won't boot up.,Specific
"I need guidance on how to troubleshoot slower internet speeds, any tips?",General
"My application crashes when I open it, but I don't have any specific error codes or messages to report. Can you help?",General
"What's the best way to resolve the error code 0x80070005 on my Windows 10 machine? I can't access my files, and I need immediate help.",Specific
"I can't connect my Samsung Galaxy S21 to WiFi, and it keeps showing error code 404.",Specific
My Dell Inspiron 15 laptop won't start up. The power light blinks three times but nothing shows on the screen. What should I do?,Specific
I'm having trouble with my internet connection. It keeps dropping randomly throughout the day.,General
I'm not sure what to do when my printer doesn't respond and I can't find anything online that helps.,General
Can someone assist me with error code 403 on my Samsung Galaxy S21? I've tried restarting but it still pops up.,Specific
"There seems to be a recurring problem with my Netgear router. It drops the internet connection every few hours, and I've checked all the cables.",Specific
"My Microsoft Office keeps saying 'Activation Required' on my laptop. I thought I activated it last month, what should I do?",Specific
"My software seems to be running slow, but I'm not sure what's causing it. Any tips on what I should check?",General
"The screen on my Asus ROG gaming laptop freezes whenever I play Fortnite. I think it might be a graphics driver issue, but I'm not certain.",Specific
I'm having trouble with my computer; it just won't start no matter what I do. I tried pressing the power button multiple times.,General
"I would like to know how I can clear the cache on my iPhone 12. It's not working as efficiently as it used to, and I believe it might help.",Specific
I received an error message 0x803f8001 while trying to update my software. What does this mean?,Specific
Can anyone help me with the battery drain issue on my MacBook Pro 2020? It seems to die faster than before after the last OS update.,Specific
Can I get assistance with setting up my Netgear Nighthawk RAX80 router? I can’t find the default password anywhere.,Specific
I'm looking for support specifically for the Canon PIXMA 920 printer when trying to print from my Mac.,Specific
"I've been using a Cisco router, but the Wi-Fi keeps dropping every few minutes. Any suggestions on how I can improve the connection stability?",Specific
"My device has been giving me errors for a few days, but I don't remember the exact messages. Can you help troubleshoot?",General
The washing machine (model LG WM3488HW) won't start after I pressed the power button. Any troubleshooting tips?,Specific
I accidentally deleted some important files from my Lenovo ThinkPad X1 Carbon. Is there any way to recover them? I've already checked the recycle bin.,Specific
"My Adobe Photoshop keeps crashing unexpectedly on my MacBook Pro, especially when I try to open large files.",Specific
What should I do if my Xbox Series X is displaying a black screen when I try to turn it on?,Specific
Can anyone explain why my phone keeps freezing? I can't pinpoint the issue and it's frustrating.,General
"I attempted to update my software, but I'm still facing various issues. Any suggestions on how to move forward?",General
"Every time I try to log in, I get an error message. What can I do about it?",General
My iPhone 12 is stuck on the Apple logo after the latest update. What steps can I take to fix this issue?,Specific
"I keep hearing about updates for the software I'm using, but I'm a bit lost after checking the settings. Is there a way to simplify the update process?",General
"Sometimes my laptop just shuts down randomly, and it's become quite frustrating. What should I do?",General
How do I resolve an error when I try to open applications on my device? I'm not seeing any specific error codes or messages.,General
I'm having issues with my internet connection and need help.,General
I think my home network needs optimization because I keep losing connection every now and then. How can I resolve this?,General
"I have a problem with my software, and I really don't know what the next steps should be to fix it.",General
I need assistance with my tech setup at home. It's all very confusing and I just want to make sure everything works as it should.,General
I need help with my iPhone 12. It's not charging properly and I keep getting an error message.,Specific
I've been experiencing some kind of glitch and it’s really frustrating. Can someone offer some general troubleshooting tips?,General
"Why does my ASUS ROG Strix laptop keep shutting down during gaming? It's really frustrating, and I need a solution.",Specific
"Whenever I try to print, it says 'Printer Offline' for my Epson EcoTank ET-2760. What can I do to fix this?",Specific
Can anyone tell me why my internet keeps disconnecting? I just want to know if there's a way to fix these connectivity issues without diving into details.,General
"I attempted to connect my device to Wi-Fi, and it just won't work. I have no idea what else to try; can you assist me?",General
"Can you explain why the website is loading so slowly today? I've cleared my cache, but it remains an issue.",General
What can I do about my internet connection dropping?,General
Help! My computer keeps crashing randomly without showing any error messages. What should I do?,General
"The application I'm using keeps crashing, but I'm not sure why. It would help if I could get some tips on improving its stability.",General
My Roku device keeps crashing while streaming Netflix. It's model 3900X. What should I do?,Specific
My device isn't functioning correctly after the last update. It's really frustrating and I need some guidance.,General
I would like to understand why my emails aren't sending.,General
"Why does my Logitech wireless mouse stop responding after only a few hours of use? It’s the M510 model, which is supposed to last longer.",Specific
"What should I do if my phone keeps shutting down unexpectedly? I haven't updated it in a while, and it seems like it just shuts off without warning.",General
"There seems to be an issue with my internet connection, can you tell me what to do?",General
"I need help with my Asus ROG Strix gaming laptop. It overheats quickly during gaming sessions, and I think it might be an issue with the cooling system.",Specific
My laptop seems to be running slow lately. I'm not sure if it's a virus or just needs some updates. What should I do?,General
I need assistance with configuring the settings on my Canon PIXMA MG3620 printer; it won’t connect to my Wi-Fi during setup.,Specific
I've been facing some issues with my software lately. It just doesn't seem to work right anymore. What can I do?,General
I am frustrated with how sometimes my emails take forever to send. What general troubleshooting steps should I consider?,General
"The app crashes frequently on my Google Pixel 5, especially after the last update. Could you provide any advice?",Specific
"I've been facing problems with installation lately. It's quite frustrating, but I can’t pinpoint the issue.",General
"I'm looking for some advice on how to improve my device's performance. It's been sluggish lately, and I want to know the best steps to take.",General
Can you guide me on how to reset my Netgear Nighthawk AC1900 router? I've tried the usual power cycle but that hasn't worked.,Specific
"When I connect my external hard drive to my MacBook Pro, it doesn't show up at all. Is there a way to fix that?",Specific
Can someone help me with some advice about slow internet connection issues? It's been a persistent annoyance for a while now.,General
"What steps can I take to troubleshoot my Netgear Nighthawk router? It's not providing any internet connection, and the lights are blinking strangely.",Specific
"I'm trying to figure out how to optimize my internet connection. Sometimes it feels really slow, but I can't pinpoint the cause.",General
My LG OLED55CXPUA screen keeps flickering. Is this a known defect for this particular model? I'm getting worried it might need repairs.,Specific
"What should I do when my printer doesn't print, but I can see it's connected?",General
The software I’m using for video editing on my MacBook Pro is crashing every time I try to export a project. It’s version 10.4.1. What can I do?,Specific
"I need help with something, but I can't pinpoint what the problem is. Any help would be appreciated!",General
I'm having trouble with my Dell XPS 15 laptop; the error code 0xC004C003 keeps popping up and I need guidance.,Specific
"My application is not opening at all, but I can't tell why. I've restarted my computer multiple times, and nothing seems to work.",General
"I'm not sure why my apps keep crashing, could someone explain what might be happening?",General
"I'm not sure how to fix this issue, it keeps happening sporadically but I can't pinpoint the cause.",General
"I installed the latest Windows 11 update on my Microsoft Surface Pro, but now it won't start. What's the next step?",Specific
I can't log into my Netflix account on my LG Smart TV. It just says 'Unable to connect'. Any ideas?,Specific
"I'm looking for general troubleshooting steps for connectivity issues on various devices, nothing specific.",General
"Can anyone tell me how to fix audio issues? It just stopped working one day without any warning, and I have no clue why.",General
"I was wondering how to optimize my system performance, but I'm not sure where to start or what tools to use.",General
I'm looking for any sort of guidance on improving my device's performance without having to buy anything new.,General
I've been experiencing some issues with my gaming console. It just doesn't seem to function as expected. What could be the cause?,General
"There seems to be a problem with my software, it's really slow.",General
"Every time I try to run an update on my software, it fails. Not sure what the problem is, can you provide some guidance?",General
My Samsung Galaxy S21 phone won't charge properly; it only charges when I wiggle the charging cable in a specific position. What should I do?,Specific
"I've tried everything to fix my network issues, but it still seems to be down; any advice?",General
"I've been experiencing issues with my home Wi-Fi, but I'm not sure what might be wrong. Could it be the router or something else entirely?",General
"I can't find any information on why my computer is making a strange noise. It started yesterday, and I'm a bit worried about it.",General
Can someone explain how to resolve issues with software updates not installing properly? I'm completely confused.,General
My Epson EcoTank ET-2720 printer is showing low ink warnings even though I just refilled it. What could be the problem?,Specific
What should I do if my printer isn't working at all and just keeps flashing lights? It's really confusing!,General
The printer keeps jamming every time I try to print something. What can I do?,General
I'm confused about how to optimize my network connection for better performance. What should I look into?,General
I'm looking for solutions for my Canon EOS Rebel T7 camera which keeps displaying a lens error when I try to use it. Any idea what that means?,Specific
"The last time I tried to connect my Canon printer, the model MG6820, it wouldn't respond at all. Can you help?",Specific
"My ASUS ZenBook has been really slow lately, and I suspect it's a software issue, perhaps an update?",Specific
I noticed that my Samsung Galaxy S21 is overheating and the battery drains rapidly after the recent update. What could be the cause?,Specific
My printer won’t connect and I have no idea what to do about it. Can anyone assist?,General
My Ring Video Doorbell is not charging despite being connected to the power source; could you provide some troubleshooting steps?,Specific
What do I do if my desktop keeps freezing? I need guidance on this issue.,General
Can you help me understand why my printer isn't working?,General
I'm trying to troubleshoot my Epson EcoTank ET-2720 printer because it won't print anything despite being connected to the WiFi.,Specific
Can someone help me reset my Amazon Echo Dot? I need to make it forget all the previous settings.,Specific
"With my Microsoft Office 2019, I keep getting a message about a missing key when I try to activate it. What's going on?",Specific
Can anyone explain why my software keeps crashing? I'm not sure if it's my computer or the program.,General
My HP printer model 8620 is not connecting to the network. I've tried restarting it and my router but still no luck!,Specific
"I can't seem to get my device to connect to the internet, can you help with that?",General
"I just received my HP LaserJet Pro Printer, but I can't seem to connect it to my Wi-Fi network. Any ideas?",Specific
"My device is not functioning the way it should, but I'm not sure what's causing the issue. Any thoughts on how I can diagnose it?",General
What's the best way to handle a situation where my phone gets stuck on the logo screen?,General
"I've tried to reset my device multiple times, but it still doesn't work properly. What should I do next?",General
"There seems to be an error occurring, but I can't find any information about it online. What should I check?",General
Can someone tell me what to do when my applications are crashing without providing any error messages? That would really help me.,General
I need support for the Samsung Galaxy S21 camera feature not working properly. I've tried restarting the device but no luck. What else should I do?,Specific
I’m unsure why my computer takes so long to boot up. What could be the potential reasons behind this?,General
Is there a way to improve the performance of my laptop? I think it might be running slow but I'm not sure why.,General
Can someone explain why my printer isn't responding?,General
I'm experiencing frequent crashes with my iPhone 12 when using the latest version of WhatsApp. Is there a known issue with this app?,Specific
"There seems to be a problem with my setup, but I can't pinpoint it. Any guidance would be appreciated!",General
I can't figure out how to reset my Fitbit Charge 5 after it stopped syncing. What are the steps for that?,Specific
"Every time I try to open an application, my laptop slows down. What could be causing this? I just want it to run smoothly again.",General
"Does anyone know how to recover files from a corrupted SD card? I tried using some recovery software, but it didn’t work.",Specific
The error code 0x80070005 keeps appearing on my Windows 10 PC whenever I try to open an application. What does this mean?,Specific
I'm trying to figure out why my laptop is running so slowly. It's been like this for a while and I can't pinpoint the issue. Any ideas?,General
"Every time I try to launch Adobe Photoshop CC 2021, it crashes immediately. I need to know how to fix this issue.",Specific
I repeatedly get a blue screen but I don’t know what it means. It would be nice to get a guide or something for when this happens.,General
"Is there any way to improve the performance of my device? It's running really slow, and I think it needs some help.",General
"Help! My system seems slow, and I'm not sure if it's a software issue or something else.",General
My Samsung Galaxy S21 is stuck in a boot loop and I can't get it to recover. Any suggestions?,Specific
I can't connect to my network and have no idea what's wrong. Is there a way to troubleshoot that?,General
"My application crashed, and I really need to know why it happened. Can someone look into this?",General
Can someone give me advice on the best way to back up important documents? I'm looking for a comprehensive approach but not sure where to start.,General
"Hey, I can't seem to connect to the internet on my MacBook Pro. Is there a quick fix for this issue?",Specific
My Dell XPS 15 has been making a strange clicking noise lately. Is this a common issue and what should I do about it?,Specific
My Dell Inspiron 15 3000 series laptop is not charging. Can you provide troubleshooting steps?,Specific
"The Samsung Galaxy S21 keeps shutting down randomly, especially when I'm using the camera. What should I do?",Specific
"I'm having a tough time figuring out how to back up my files safely, any advice would be appreciated.",General
I'm having issues with my device and need help.,General
"My email seems to be taking forever to load, but I'm not sure if it’s my connection or something else. What could be going on?",General
"My phone is acting weird lately, not responding as expected. I think it might be a software issue, but I'm not certain.",General
"I've been encountering random issues with my phone, and I really don’t know how to describe them. Any general advice?",General
How do I clear the cache on my Canon EOS 90D? I can't seem to find the right option in the settings.,Specific
"My HP printer model 12345 is showing a paper jam error message, but I've checked and there's no jam.",Specific
I keep getting error code 503 on my Canon printer. What can I do to fix this?,Specific
My Acer Aspire 5 is running really slow after the latest Windows update. What can I do to fix it?,Specific
Can you explain how to set up the Cisco router model RV340 for VPN access?,Specific
"My application is running very slowly lately, like something is off, but I don't know why it happens.",General
Can someone assist me with my device? It's acting weird lately and I can't pinpoint the issue.,General
"I'm trying to figure out why my application is not loading, but I'm not sure where to start looking for solutions. Any tips?",General
"Lately, my internet has been very slow, what could be the problem? I just want it to be faster without having to change anything.",General
Can you assist me with the installation of the latest version of Adobe Photoshop? It's giving me an error regarding system compatibility.,Specific
There's a problem with the screen on my ASUS ROG gaming laptop; it won't turn on at all and I’ve tried everything suggested online.,Specific
I really don't know where to start with this problem I've been facing. My internet seems slow and I'm totally lost on how to fix it.,General
I've been experiencing some glitches when trying to open applications on my system. What could I do about it?,General
Could you help me troubleshoot the error code 0x80004005 on my Windows 10 PC?,Specific
There's a problem with my Epson EcoTank ET-2720. It says the ink pads are nearing the end of their service life. What should I do next?,Specific
"My printer is acting up and I need some help troubleshooting it, but I'm not familiar with its specifications or error codes.",General
"My laptop seems to be overheating, and I have no idea why it's happening. Can anyone suggest something?",General
"I'm struggling to connect to my wifi. Nothing seems to work and it's getting very frustrating, help!",General
Can someone explain why my software isn't working the way it used to? I'm feeling pretty lost right now.,General
"Can someone help me troubleshoot? I’m not sure if it’s a hardware or software issue, but things aren’t working as they should.",General
I'm having trouble connecting my Canon PIXMA TR4520 printer to Wi-Fi. It keeps saying 'connection error' on the display panel. Can you help me troubleshoot this?,Specific
"I'm trying to install the latest drivers for my NVIDIA GeForce GTX 1660 graphics card, but I keep encountering an installation error. Can you guide me?",Specific
I think my phone's battery isn't lasting as long as it used to. Is there any way to improve battery life without needing to replace it?,General
I'm having trouble with my iPhone 12. It keeps freezing and I don't know what to do. Can you help?,Specific
Is there a way to troubleshoot the error code 1602 that's appearing when I try to install applications on my Android phone?,Specific
The Samsung Smart TV model UN55NU7100 won't connect to my Wi-Fi network. I've tried resetting the network settings but it didn't help.,Specific
I'm having trouble with my printer.,General
"Every time I boot my Dell Inspiron 15, I see an 'operating system not found' error. What should I check?",Specific
How can I stop my emails from getting filtered into the spam folder? It's really frustrating not receiving important messages!,General
"Whenever I try to update my Adobe Photoshop CC, I get an error message that says 'Failed to install.' What does this mean?",Specific
I'm having trouble connecting my Canon PIXMA MG3620 printer to my Wi-Fi network; it keeps giving me an error code 0x9A.,Specific
"Can someone assist me with a printer issue? My Canon MG3620 is showing a 'paper jam' error, but there's no paper stuck in it.",Specific
"I'm having a tough time with my setup here. My monitor isn't displaying anything, but it was working fine the other day. What could be wrong?",General
The model number for my Samsung Galaxy S21 is SM-G991U. I need help with the camera settings because the photos are coming out blurry.,Specific
Could you assist me with the printer? It just keeps giving me odd noises and I'm not sure what to do next.,General
"My laptop seems to be running really slowly lately. I haven't installed any new software or anything, though.",General
"There's something wrong with my laptop; it makes a weird noise sometimes, but I can't tell what it is.",General
"I think my HP Envy 5660 printer is out of ink because it keeps showing an error message, but I can't find the right cartridges in the store. Which model do I need to buy?",Specific
There’s something wrong with my setup but I can’t pinpoint what it is. Can anyone help me brainstorm?,General
"There seems to be a problem with my software, but I don’t really know what it is or what to look for.",General
How do I fix the browser crashing issue on my HP Pavilion? It's happening every time I try to access a certain website.,Specific
Could you guide me on how to update the firmware on my Netgear Nighthawk router? I'm not sure if I'm doing it right.,Specific
I’m experiencing overheating issues with my AMD Ryzen 7 5800X processor. It’s running at high temperatures even with stock cooler setups.,Specific
Can anyone tell me how to fix a slow computer? It’s been running really badly for weeks now and I don't know where to start looking for solutions. ,General
My Logitech G502 mouse isn't responding properly; the click response is delayed and it's frustrating. Can you guide me on fixing this?,Specific
"I've noticed my software is acting weird, and I could use some tips for getting it back on track. It just doesn't seem right lately.",General
"Can you assist me with the Wi-Fi connection issues on my Apple MacBook Air, model A1466?",Specific
Can you suggest how I can speed up my computer? It's become really slow lately.,General
Could you tell me what I should check when my computer won't turn on?,General
"I have a general question about software updates and if they really affect performance, can someone clarify?",General
The printer is showing a 'Paper Jam' error but there’s no paper stuck inside it. I have a Brother HL-L2350DW. Any troubleshooting steps?,Specific
I just set up my new HP LaserJet Pro M404dn but the prints come out faded. Could someone share what settings I should check?,Specific
"I’ve noticed my applications crash often, what common fixes can I try?",General
My Fitbit Charge 5 is stuck on the logo screen and won't turn on. Does anyone know how to resolve this?,Specific
"There's an error popping up on my screen all the time, but I can't tell what it is or how to fix it.",General
Can you provide some tips for troubleshooting common software issues? I often encounter problems but I’m not sure where to start looking for solutions.,General
"Can you tell me why my internet is so slow, it’s just frustrating!",General
What are the best practices for maintaining a good battery life on my devices?,General
I need assistance with my MacBook Pro (2018 model) that keeps crashing whenever I try to open Photoshop. What can I do?,Specific
Is there a way to improve the battery life on gadgets? I'm looking for some tips or suggestions on that.,General
I need help with a Windows 10 update that keeps failing with error code 0x80070005. Any suggestions on how to fix this?,Specific
My tablet's screen is unresponsive since I installed the latest firmware update. It's a Lenovo Tab P11 Plus. I'm at a loss here!,Specific
"My gadget isn’t charging properly, but I don’t know if it’s the charger or the device itself that's faulty.",General
Why does my Fitbit Charge 4 not sync with my phone anymore? I've checked all the settings and even restarted both devices.,Specific
"Can someone tell me why my device isn't syncing properly? I've tried a few things, but nothing seems to work.",General
"My ASUS ROG laptop's battery isn't charging, and it's the model G752VS. I tried a different charger but no luck.",Specific
I'm trying to fix a blue screen error on my ASUS ROG gaming laptop that shows 'Critical Process Died' every time I boot it up.,Specific
"Could you help me? I need to uninstall the antivirus software Norton 360 from my Windows 10 laptop, but the uninstaller isn’t responding.",Specific
The app crashes every time I try to open it on my OnePlus 8T. It’s really frustrating because I rely on it for work.,Specific
"The Oculus Quest 2 keeps disconnecting from the Wi-Fi network. I've tried rebooting the router, but it hasn't helped. Can you offer a solution?",Specific
What steps should I take to troubleshoot a random error message? I'm not even sure where the issue is coming from.,General
"I'm trying to set up my Apple AirPods Pro with my MacBook Air, but it doesn't recognize them. Is there a specific setting I need to check?",Specific
I can't connect my Fitbit Charge 5 to the app anymore. It keeps saying 'device not found' but everything was working fine before!,Specific
"I need assistance because I'm unable to connect to the internet, and I'm not sure why this is happening.",General
"Help! My phone is acting up, but I'm not sure if it's a software issue or something else entirely!",General
I recently bought the new iPhone 14 Pro and now I'm struggling to transfer my data from my old device; can you guide me through the process?,Specific
Does anyone know the steps to take when a device just won't respond? My situation is quite frustrating.,General
"What can I do if my PlayStation 5 is stuck on the boot screen? I've tried turning it off and on, but it stays on that screen.",Specific
"I’m having issues with my Netgear Nighthawk RAX80 router dropping connections frequently, any advice on settings to check?",Specific
I need support for my Samsung Galaxy S21. The battery drains too quickly and I don't know why. Any suggestions?,Specific
"I've been having trouble with something on my laptop and I'm not sure how to fix it, any ideas?",General
Could you tell me how to fix issues that pop up when I try to connect to the internet?,General
"I accidentally spilled water on my Lenovo ThinkPad keyboard, and now some keys don’t work properly. What can I do to fix this?",Specific
Why doesn't my phone charge sometimes? I'm not sure if it's the cable or something else.,General
I keep getting 'Disk Not Found' error on my HP Envy x360 when I try to boot. What steps can I take to fix this?,Specific
I'm having issues with my Cisco 8800 series phone where the screen is completely blank. How can I resolve this?,Specific
Can someone explain how to fix the 'disk not recognized' error on my external Seagate hard drive? It's really important to recover my files!,Specific
Can you provide a step-by-step guide to troubleshoot the audio issues on my Dell XPS 15 model 9500? I'm particularly interested in fixing the sound delay during video calls.,Specific
"I've tried resetting my phone, but it's still acting weirdly. No particular error message shows up, which is odd. Any ideas?",General
"I need help with my Dell XPS 15 laptop. It's showing a BSOD with error code 0x0000007B, and I'm not sure what to do next.",Specific
"I can't seem to get my device to work, can someone help?",General
I received an error code 0x80070057 while trying to install the latest Windows update on my laptop. What should I do?,Specific
"Can you provide me with guidance on troubleshooting my internet connection issues? It's been slow for a while now, and I'm not sure what's going on.",General
Can someone help me with the general troubleshooting steps for a laptop?,General
"I received a notification about an update, but I don’t understand what it’s for or how to proceed with it. Help?",General
Can you help me troubleshoot error code 404 on my website?,Specific
What are the recommended steps to take when facing issues with a streaming service on multiple devices?,General
Can you help me reset my Samsung Galaxy S21? It's freezing on the startup screen and I can't get it to work.,Specific
Can you tell me how to reset the password on my Samsung Galaxy S20?,Specific
"Every time I try to use my Canon EOS Rebel T7, I receive an 'Unable to access the card' message. Can you help me resolve this?",Specific
"I need advice on issues I'm facing with my operating system, it's really slow and crashing a lot.",General
Does anyone know how to fix the network connectivity issue on my HP printer model 9025? I've tried resetting it but no luck!,Specific
"I need assistance with my Wi-Fi router, model TP-Link Archer A7. The internet keeps dropping intermittently and I'm not sure why.",Specific
I'm having trouble with my Canon EOS 5D Mark IV; it keeps giving me a 'memory card error.' What should I do?,Specific
Can you assist me with the configuration of my Cisco router? I'm stuck at the setup stage and need specific guidance.,Specific
"I recently bought a Samsung Galaxy S21, and the battery drains too quickly. Is this a known issue for this model?",Specific
"I tried using an app on my phone and now it seems really slow, but I don't know what to do to fix it. Any suggestions?",General
"Could someone explain why I keep getting logged out of my account? It's not clear what's happening here, and it's becoming a hassle!",General
"I'm trying to sync my Fitbit Charge 5 with the app, but every time I try, it says 'Sync Failed.' What could be the problem?",Specific
Can anyone assist with the installation of Adobe Photoshop CC 2021? I keep getting an install error during setup.,Specific
I keep getting an error message on my Canon printer that reads 'Paper Jam.' I’ve checked for jams but can’t seem to find any. What should I do next?,Specific
"I have a device that keeps giving notifications, but I don't know how to turn them off or if they're important.",General
"I can't access my emails at all, it's frustrating and I'm not sure where to start troubleshooting.",General
I need help with my Sony PlayStation 5; the console keeps crashing while trying to update the software. What's going on?,Specific
I need to troubleshoot a freezing issue on my HP Pavilion laptop that happens when I try to run Photoshop; please let me know if this is a common issue. ,Specific
Can you help me troubleshoot the issue with my smart thermostat? It's not syncing with the app and says 'Connection Error'.,Specific
"I feel like something's off with my software, but I can't put my finger on what it is.",General
I just want to know the best way to handle technical problems that seem to arise without warning.,General
What should I do if my laptop won't start up properly? I haven't noticed any particular signs of malfunction.,General
"I need help with a software issue. When I launch the program, it doesn't respond, but I'm not seeing any errors. What should I do next?",General
I am having an issue with my Lenovo ThinkPad X1 Carbon where the screen won't turn on after the last update.,Specific
I've encountered some problems recently with my devices but I'm not even sure where to start.,General
There's a weird noise coming from my hard drive. Not sure if it’s serious but I need some guidance on what to look for next. Help?,General
I've been encountering a 'low battery' alert on my Fitbit Charge 4 even after charging it. Are there any specific troubleshooting steps I should follow?,Specific
I just want to know the best practices to keep my network secure; I've heard so much about vulnerabilities lately.,General
I need assistance with my Canon PIXMA MX922 printer. It's showing a 'Paper Jam' error but there's no paper stuck in it. What should I do?,Specific
The HDMI port on my LG OLED TV isn’t working with my Xbox Series X. Is there a way to troubleshoot this issue?,Specific
"I need assistance with my Samsung Galaxy S21; it's not charging properly, and I think I need a new charging port.",Specific
What should I do to resolve issues with connecting my device? It isn't working well and I need guidance.,General
The HP LaserJet Pro M404dn is showing a 'toner cartridge not recognized' message. What should I do next?,Specific
I'm looking for support regarding my Fitbit Charge 5 that won't sync with the app anymore. I need to fix this ASAP!,Specific
"I'm having some trouble with my device, can someone help me out?",General
"Whenever I try to open the application, it crashes immediately with a notification that says 'Runtime Error'; what should I do next?",Specific
"There seems to be something off with my printer, it's not working as it should, but I can't pinpoint the issue. Any advice?",General
"I need guidance on troubleshooting a device that's not working properly. Whether it be a laptop or a printer, I just can't seem to figure it out.",General
"I'm experiencing issues with my home network, it keeps disconnecting randomly.",General
I bought an LG OLED TV last week and now the HDR function is not working properly. Can anyone guide me?,Specific
Just got a new Nest Thermostat and I can't get it to connect to my Wi-Fi network. What troubleshooting steps should I follow?,Specific
Can someone provide insight on how to troubleshoot issues with devices that won't sync properly? I'm in the dark here.,General
I'm having trouble with my iPhone 12; it keeps freezing when I try to open the camera app.,Specific
"Can you help me figure out why my Yamaha RX-V683 receiver isn't recognizing my HDMI devices? I've tried different cables and ports, but nothing works.",Specific
I think the battery on my Fitbit Charge 4 isn't charging properly. It doesn't seem to hold power for more than a few hours. What could be the problem?,Specific
I'm looking for troubleshooting steps for my Logitech MX Master mouse - it won't connect to my MacBook Pro. It's very frustrating!,Specific
"I'm trying to connect my Bluetooth headphones to a Lenovo ThinkPad T490, but they won't appear in the list of devices. Any ideas?",Specific
"My Kaspersky antivirus is showing error code 0x0000001, and I can't figure out how to resolve it. Any assistance would be appreciated.",Specific
"I'm looking for some support because my home network seems to have issues, but I can't diagnose it myself. What could be the problem?",General
"I recently updated my laptop to Windows 11, and now my Adobe Creative Suite is not launching. Any ideas?",Specific
"There are issues with my software, but I can’t pinpoint what’s wrong. It just doesn't seem to operate like it used to.",General
How do I uninstall the problematic version of Adobe Photoshop CC that’s causing my computer to freeze?,Specific
"I can't access some of my applications on my device, could anyone give me a guide on how to troubleshoot?",General
Is there a way to resolve the compatibility issue with my AMD Ryzen 5 3600 processor and the ASUS ROG STRIX B450-F motherboard? I’m getting random shutdowns during gaming.,Specific
"My Epson WorkForce WF-2760 keeps jamming paper, and I can't figure out why. Are there any common fixes for this model?",Specific
How do I recover my files? My laptop crashed and I didn’t back up anything!,General
"Can someone help me fix my Samsung Galaxy S21? The screen is flickering, and I don't know what to do.",Specific
"My device is acting weird and I don’t know what’s wrong. It just keeps shutting down unexpectedly, and I need assistance!",General
"Every time I launch Adobe Photoshop on my Windows 10 machine, it crashes and gives me an unexpected error message. Any advice?",Specific
"My gaming PC, which has an RTX 3080 graphics card, is overheating during gaming sessions. Is there a way to optimize cooling?",Specific
What are some steps I can take when my laptop won't start? It's frustrating not knowing where to begin.,General
Why does my laptop overheat sometimes? I don't know if it's a hardware issue or just something I'm doing wrong.,General
"My email isn’t syncing properly across devices, and I can’t find a solution. What steps should I take to troubleshoot this?",General
I can't seem to connect to my Netgear WiFi router. I have a model R6120 and I've tried resetting it but it's still not working. What are my options?,Specific
"I'm trying to connect my Roku Ultra to Wi-Fi, but it's showing the error code 014.30. Can you help?",Specific
Can you provide assistance with the error code 0x80070057 that appears whenever I try to update Windows? It's been frustrating!,Specific
"Could you clarify how to approach performance issues without knowing the specific cause? Sometimes these problems can resolve on their own, right?",General
I was wondering if there are any tips for improving battery life on mobile devices.,General
"Can someone help me with the troubleshooting steps for my laptop? It's running really slow, but I'm not sure where to start.",General
"I have a phone issue—sometimes the screen goes black, and I'm not certain if it's a hardware problem or what. Any ideas?",General
"I'm having trouble with my computer, it keeps freezing and I don't know what to do about it.",General
What should I do if my smartphone battery isn't lasting as long as it used to? I need general strategies for extending battery life.,General
I'm having trouble with my Epson EcoTank printer not recognizing ink cartridges after I've refilled them. What could be causing this issue?,Specific
"My laptop is not functioning well, and I would like some advice on how to resolve this problem without needing to know specific parts or models.",General
I keep getting a 'No Boot Device Found' message on my HP laptop. It happened after I tried to install a new SSD. Should I check the BIOS settings or is there something else?,Specific
"My computer keeps shutting down unexpectedly, and I need advice on what to do. I can't pinpoint the cause, and it's really frustrating!",General
"My Microsoft Office 365 subscription expired last week, and now I can't access any of my saved documents. What can I do to recover them?",Specific
"My Dell Inspiron 15 is not booting up properly, and it keeps showing the BIOS error message 0x80070057. Any ideas on what might be causing this?",Specific
Does anyone know how to resolve the network error 0x80004005 that keeps popping up on my Windows 10 computer? It's really frustrating!,Specific
My Samsung Galaxy S21 keeps freezing when I try to open the camera app. Is there a software update needed?,Specific
"My PlayStation 5 keeps giving me the error CE-34878-0, and I'm not sure what to do to fix it. Can you provide some troubleshooting steps?",Specific
"Every time I try to open my email, it crashes. Does anyone know what might be causing that?",General
"There's an issue with my internet connection. I keep losing signal, but I'm not sure what to do about it.",General
I'm experiencing problems with multiple software applications crashing. Is there a common fix for this?,General
I am experiencing slow performance on my HP Envy desktop following a recent software update. What should I look at to improve its speed?,Specific
Can you guide me through the process of resetting my Netgear Nighthawk RAX80 router? I forgot the password and cannot access the settings anymore.,Specific
Is there a way to troubleshoot the MacBook Pro 2019 battery not holding a charge? I've done all the standard resets but it's still not working right.,Specific
I am having issues with my internet connection and I don't know why it's so slow. Any advice?,General
I need guidance on reinstalling the Adobe Photoshop CC 2022. I uninstalled it but now I'm not able to download it again properly.,Specific
I am having issues with my HP LaserJet P1102 printer. It keeps showing an error code 49.4C02 whenever I try to print anything.,Specific
"I'm puzzled about my email notifications. They seem to be delayed, and it's affecting my response times. What can I do?",General
"My printer has been acting up, and I have no idea how to fix it. Can someone guide me to troubleshoot it?",General
"My Roku device won’t stream any content, it says 'Unable to connect to the internet'. I've checked my Wi-Fi and it's working on other devices. Any advice?",Specific
Can you help me reset my iPhone 12 settings? It doesn't seem to connect to Wi-Fi anymore despite trying everything.,Specific
Can anyone tell me how to reset the settings on my Samsung Galaxy S21? I'm encountering some issues after the last update.,Specific
My Samsung Galaxy S21 won't charge properly; I've already tried different cables and outlets. What should I do next?,Specific
What should I do if my printer won't print anything?,General
My internet connection keeps dropping unexpectedly. Is there a way to figure out what’s causing it?,General
The error code 0x80070005 keeps appearing when I try to install the new software on my desktop PC. What should I do?,Specific
I would like to know why my update isn’t working. It’s so confusing!,General
"I'm having trouble with my Samsung Galaxy S21. It keeps freezing when I try to access the camera app, can you help?",Specific
"I'm trying to sync my Fitbit Charge 5 with the mobile app, but it keeps getting stuck on 'connecting'. Any tips on how to troubleshoot this?",Specific
"After updating my iPhone to iOS 15, the Face ID stopped working. I've tried troubleshooting but no luck! What can I do?",Specific
I really need assistance with the settings on my device. It's not connecting to WiFi and I can't find any options to troubleshoot.,General
I just started using this software and I'm lost. What should I do if I can't find the settings I need? It’s really challenging for me!,General
Could you provide troubleshooting steps for my Microsoft Surface Pro 7? The battery drains too quickly even when I'm not using it.,Specific
I need assistance resolving a printer jam in my Canon PIXMA G6020. It keeps getting stuck and won't print.,Specific
"The error message on my Canon PIXMA printer says 'paper jam,' but there's no paper jam in sight. How can I fix this?",Specific
Why do certain applications take so long to open sometimes?,General
What's the best way to improve the performance of my computer without upgrading any hardware?,General
The software update for my MacBook Air has caused a kernel panic. What should I do now?,Specific
"I am facing some difficulties with my overall configuration, but I'm not certain what the issue is. Any suggestions?",General
"The software on my Dell laptop is glitching, especially the Windows 10 update version 21H2, any advice on how to handle that?",Specific
Help! My screen is frozen and I don't know what to do.,General
My iPhone 12 is stuck in recovery mode after an update. What steps do I need to take to get it back to normal?,Specific
"I just updated my Windows 10 laptop, and now I can't access my external hard drive. Are there any known compatibility issues?",Specific
Can someone tell me how to improve the battery life on my tablet? It drains too quickly and it’s really frustrating.,General
"The device I bought is not functioning as expected, but I can't figure out the cause behind it. Any thoughts on what might be wrong?",General
I need assistance with the installation process for the Epson EcoTank ET-2720. The instructions seem confusing and I'm not sure about the ink setup.,Specific
My phone shows a black screen and I can’t figure out why. I’m lost here!,General
I have a question about the warranty service for my Bose SoundLink speaker; it's making odd sounds and I want to know my options.,Specific
I've purchased a new Canon EOS Rebel T7i camera and I can't figure out how to enable Wi-Fi on it. Any specific instructions?,Specific
I think my email isn't syncing correctly. What could be the problem?,General
"My internet connection is really slow, and I need it to be faster. What could be causing this?",General
"I am having trouble with something on my laptop, but I can't specify exactly what the problem is. Can I get some advice?",General
Can someone help me with the battery issues on my iPhone 12? It dies really quickly.,Specific
There seems to be an issue with the printer; it won't connect to any of the computers in the office. Can you provide some troubleshooting steps?,General
The software update for my Dell laptop isn't installing properly and I see an error message 0x8007007E; what steps can I take to resolve this?,Specific
"I'm frustrated with my smartphone. It keeps crashing, and I can't seem to figure out why. Any insights would be appreciated!",General
"I've been experiencing frequent crashes, but I do not have the slightest idea why this is happening. What could be the cause?",General
Why is my email sending so slowly? It takes ages to send just one message. Can you help with that?,General
I’m facing an issue with my setup but I can’t describe it well. Can you help me figure out how to resolve the problems?,General
"Could you guide me on how to reset the password for my Linksys router, model WRT1900ACS? I can't access it anymore.",Specific
"Can someone explain how to reset a Samsung Galaxy S10? I've read a few articles but I just want clear, step-by-step instructions. Thanks!",Specific
"Lately, I've been experiencing a lot of unexpected shutdowns on my PC. I don’t know if it's a virus or something else that's causing the issue. What's the best way to troubleshoot this?",General
Could you offer any tips for troubleshooting my connectivity issues? I just need to solve this without getting into specifics.,General
I'm getting a 404 error when I try to access the settings page on my HP printer. Can you help?,Specific
The latest update for my Samsung Galaxy S21 seems to have caused my camera to crash. What can I do to fix this?,Specific
My email app on the iPhone 12 is acting weird. It's not syncing properly and throws up an unexpected error message sometimes. What can I do?,Specific
Can someone help me with a problem that seems to be happening with all of our printers? None of them are working as expected and it’s really slowing us down.,General
I'm having trouble with my Spotify app on my Samsung Galaxy S21. It keeps crashing when I try to open a playlist. Any fixes?,Specific
My Samsung Galaxy S20 won't charge properly anymore. Are there specific troubleshooting steps for this model?,Specific
I have a question about how to improve my PC's performance when running multiple programs at once.,General
I keep getting error code 404 when I try to access my printer settings through the app. Can you help me fix this?,Specific
What can I do if my software isn’t loading properly? I have tried a few things but nothing seems to help.,General
"I need help troubleshooting my Canon Pixma printer, it keeps showing a paper jam error even though there's no paper stuck inside.",Specific
"I'm really confused about how to set up my new device. The instructions are too vague, and I need some clearer guidance.",General
My Logitech MX Master 3 mouse is not functioning properly after I updated the firmware. Is there a way to roll back to a previous version?,Specific
"I've tried resetting my Nintendo Switch, but it still won't connect to Wi-Fi. Do you have any suggestions?",Specific
My printer isn't printing anymore and I'm not sure what the problem could be. Can anyone suggest general troubleshooting steps?,General
"My brother's iPhone 11 has a cracked screen, and I want to know the best way to get it repaired without losing my data.",Specific
My Canon PIXMA MG3620 printer is not connecting to the Wi-Fi. What should I do?,Specific
Could anyone share tips on improving device performance? My electronics seem sluggish lately.,General
I'm having trouble with my Dell XPS 15 laptop. The screen keeps flickering when I use it for video editing. Can you help?,Specific
Can you guide me on how to resolve the connectivity issue with my Netgear Nighthawk router? I suspect it might be due to a firmware glitch. I've updated the firmware to version 1.0.4.68.,Specific
"Every time I try to print from my laptop, it just doesn't respond. What could be the issue?",General
"I'm having trouble with my Asus ROG Strix laptop. It won’t boot, and I keep seeing the error code 0xc0000001. Can you help me fix this?",Specific
"I need assistance with something regarding my software, but I'm not exactly sure where to start. Any tips would be appreciated!",General
Can you provide some tips on how to improve my Wi-Fi signal? It's not stable and keeps dropping.,General
"I'm having trouble connecting my HP LaserJet Pro MFP M227fdw to the Wi-Fi network, can you help?",Specific
I read something online about viruses but now I'm worried my computer might be infected. What steps should I take?,General
"My HP printer, model Envy 6455, keeps getting stuck on the 'Printing' status. I've run out of ideas to troubleshoot it effectively.",Specific
My Dell XPS 13 laptop is running extremely slow since the last Windows 10 update. Can I revert to an earlier version?,Specific
My device freezes often and I don't know what's causing it. Can someone give me some advice?,General
"Yesterday, my HP printer model 12345 stopped printing with an error light blinking. I've checked the ink levels and paper, but nothing seems to work. Help!",Specific
"I think there might be an issue with my device, can someone help?",General
"Could you tell me why my printer isn't responding? I checked the cables, but I might be missing something.",General
Can you provide instructions on how to reset the password for my Netgear Nighthawk router?,Specific
"I'm experiencing some difficulties with connectivity on my home network, but I'm not sure what steps I should take to resolve it.",General
The Wi-Fi signal in my Asus ZenBook is very weak after the last firmware update. Do you have any suggestions to improve the connection?,Specific
"I was wondering if there's a way to improve my internet connection at home. I'm not very tech-savvy, though.",General
"I’m experiencing problems with my operating system, but specifics are a little hazy right now. I just need some guidance on what steps to take next.",General
"Last week, my HP printer model 1234 started making weird noises while printing. What should I do?",Specific
My Samsung Galaxy S21 is not connecting to the Wi-Fi network; it keeps giving a 'network unavailable' message. What should I do?,Specific
Which are the best steps to take if my smartphone isn't charging properly? I'm not getting any specific alerts or signs of an issue.,General
Is there any way to enhance the battery life of my tablet? It drains too quickly and I'm looking for tips to manage that better.,General
I’m having issues connecting my Canon EOS R camera to my laptop via USB. It's not being recognized at all. Any ideas?,Specific
"Sometimes my screen goes black for no reason, and I really don’t know what could be causing it. What should I check first?",General
Can someone give me some troubleshooting tips for a gadget I use? I'm not sure whether it's a settings issue or something else entirely.,General
"My printer isn't working properly, but I don't know which error codes you're talking about. What can I do?",General
Can someone assist me with my home network setup? I just want to ensure everything is functioning properly,General
"Sometimes my printer won't print, and I don't understand what's going wrong; can I get some ideas?",General
"Sometimes my apps crash, and I'm not sure what the problem might be. What could be wrong?",General
I seem to be experiencing issues with my software; it just freezes randomly and I don’t know why. Could you give me some guidance?,General
I'm not sure what troubleshooting steps to take when the website isn’t loading. Any ideas?,General
Could someone explain why my email isn't sending? I've checked the server settings but I might be missing something.,General
"The issues I'm facing with my system are really odd, it just keeps glitching and I don’t know what to do.",General
"Can someone just explain why my printer won't work? I haven’t changed anything, it just stopped!",General
Can someone tell me how to fix my Wi-Fi connection? It keeps dropping.,General
Is there any way to optimize performance on a PC that seems to be lagging lately? I'm concerned it might be a hardware issue but I'm not sure how to dig deeper.,General
Can you help me figure out why my device isn't turning on? I'm not sure what's wrong with it.,General
"I'm trying to connect my Dell XPS 13 to a projector using HDMI, but it's not detecting the projector at all. Any specific settings I need to check?",Specific
The error message 'Device not recognized' keeps popping up on my MacBook Pro when I plug in my external hard drive. What should I check?,Specific
"Can someone explain why my printer isn't working? It doesn't seem to respond at all, and I have no idea what to do next.",General
"Help! My software isn't responding like it should, and I'm unsure what steps to take next. Can you help me?",General
Can you help me figure out what to do when my device isn't charging?,General
Can you help me fix the error code 0x80070057? I keep seeing it when I try to update Windows 10.,Specific
"Is there a way to recover deleted files from my external hard drive, specifically a Seagate Backup Plus? I need to retrieve some important documents.",Specific
"Every time I try to load a specific app, it gives me an error but I'm not sure what it means or how to fix it. Could use some guidance here.",General
What steps do I follow to troubleshoot my MacBook Air when it won't power on? It's very frustrating.,Specific
Just got a new Samsung Galaxy Tab A and I'm trying to transfer files from my old tablet. What’s the best way to do this?,Specific
"Ever since I updated my Adobe Creative Cloud, I can't open Photoshop without it crashing. Is there a way to fix this issue?",Specific
"I'm having network issues with my Netgear Nighthawk AX12, specifically with the firmware update process. It's stuck on 99%.",Specific
"My computer isn't starting up properly, and I don't know why.",General
"How do I resolve the 'application not responding' issue on my Android device? It’s really frustrating, I can't define if it's a specific app issue or a system problem.",Specific
"My email client isn’t syncing properly with the server, can anyone suggest why this might happen? I'm not sure if it’s on my end or the provider.",General
I need to know how I can reset my device for better performance.,General
Could you tell me how to improve my Wi-Fi signal? I'm not connected to any specific device or model.,General
"The sound quality on my speakers has dropped significantly, and I have no idea what the cause is. Any ideas?",General
My software isn't displaying correctly. What could be causing this? It's really frustrating and I need to find a solution soon.,General
I need to figure out why my system takes so long to boot; it doesn't seem like it's related to a single component.,General
I'm having issues with my Samsung Galaxy S21 freezing constantly. Is there a known fix for this?,Specific
My Dell XPS 13 is overheating constantly; I need guidance on how to deal with this issue.,Specific
I'm having trouble connecting my Epson printer model ET-2720 to my Wi-Fi network. Can you provide step-by-step instructions?,Specific
"I am having issues with the Samsung Galaxy S21 not connecting to Wi-Fi, can anyone help me troubleshoot?",Specific
"Every time I try to print from my HP LaserJet Pro M15, I get an 'out of paper' error, but the tray is full. How can I resolve this issue?",Specific
I'm having trouble connecting my Canon PIXMA TS8320 printer to Wi-Fi. It keeps giving me an error code 0x0000011b. Can you help?,Specific
"My system has been acting weird lately, any tips on how to optimize performance?",General
"My network connection keeps dropping randomly. It seems to happen a lot, and I just want to find a way to sort it out.",General
Is there any way to troubleshoot the overheating problem on my Dell XPS 15 laptop? It gets really hot while gaming.,Specific
"Why is my account not syncing properly with the cloud? I thought everything was set up correctly, but I keep running into sync errors.",General
Can someone guide me through general steps to improve my computer's speed without getting too technical?,General
The Epson EcoTank ET-2720 printer is not recognized by my computer. I need help setting it up correctly.,Specific
Can you tell me how to reset the Netgear Nighthawk router model RAX80? It's not connecting to the internet anymore!,Specific
"My Sony PlayStation 5 won't load any games, and all I get is a black screen. What could be wrong?",Specific
My Fitbit Charge 5 has stopped syncing with the app. I've tried everything from restarting it to reinstalling the app. Help!,Specific
Can someone help me figure out why my internet connection keeps dropping? Just really need it fixed soon!,General
"What do I do when my computer won't start up anymore? I've tried a few things, but I feel like I'm missing something important.",General
"I'm not sure what steps to take when my computer starts crashing, could you give me some advice?",General
"There's a problem with my Windows 10 installation. Whenever I boot it up, it says 'Critical Process Died'. Can you guide me through the repair process?",Specific
"I have an issue with my Canon printer model PIXMA G6020, it keeps displaying an error code 5B00. What does this mean?",Specific
"I need help with my network connection, it keeps dropping out but I'm not sure if it’s the router or something else. Any tips on what I can do?",General
"Can you help me troubleshoot the connection issues with my Epson EcoTank ET-2720? It says it’s offline, but I’ve checked the WiFi settings.",Specific
Could you help me determine why my Sony WH-1000XM4 headphones won't connect to my laptop via Bluetooth? I think it's something with the drivers.,Specific
My laptop just started acting weird. The screen flickers sometimes and I don’t know if it’s a hardware issue or a software issue. What should I check?,General
"After the last update, my Microsoft Surface Pro is showing a blue screen with error code 0x0000001E. What does that mean?",Specific
I've been experiencing a persistent error code 404 on my MacBook Pro whenever I try to access my files. Can you help me troubleshoot this?,Specific
"Hey, I have a question about my computer performance. Sometimes it runs really slow, and I’m not sure what I can do to speed it up. Any general advice?",General
"Could you tell me what to do if I can't log into my email? I’ve tried resetting my password, but that didn’t work.",General
I'm confused about why my email won't sync with my phone. Can you help?,General
I bought a Logitech G502 gaming mouse and the buttons don't seem to respond correctly during gaming sessions. Is this a known problem?,Specific
I just need some tips on how to troubleshoot my device since it seems really sluggish. Please help!,General
I was advised to reach out for issues related to my gadget but I don’t remember the model number nor the warranty status.,General
"I'm experiencing some kind of malfunction with my equipment, but I can't pinpoint what's wrong.",General
"My laptop is making a weird sound, what does that mean?",General
"I'm looking for instructions on how to reset the password for my Arlo Pro 2 security camera. It’s been a while, and I can’t remember the last one I set!",Specific
I need help with my HP LaserJet Pro MFP M227fdw; the printer keeps showing a paper jam error even though there's no paper stuck inside.,Specific
"I need help with a technical problem I'm facing, but I don't know where to start.",General
"My software is not opening anymore and I can't access my files. Need some assistance with this, but I'm not sure where to start.",General
"My HP printer model 8610 isn't connecting to the Wi-Fi network, can you help me troubleshoot this issue?",Specific
"I'm having issues with my printer, and I don't know what the problem is. Can someone help me figure it out?",General
My printer isn't responding anymore. What do I do?,General
"What are the steps to recover files from a corrupted USB flash drive? I think I lost some important documents, and I'm really worried about it!",Specific
"My software isn't functioning correctly. I don't know the version, but it used to work just fine before this update.",General
"I can't seem to find the right settings on my smartphone to enable Bluetooth, can someone guide me?",General
"I tried to install the latest version of Adobe Photoshop, but I keep getting an installation error 1603. What can I do?",Specific
How do I resolve the 'RDP session limit reached' error on my Windows Server 2019? It’s critical for me to access the system remotely.,Specific
"I'm confused about how to set up my new router. It came with a lot of instructions, but I’m not following them well. Any tips?",General
I'm encountering an error code 504 when trying to print from my Canon PIXMA TS8320. Can someone explain what this means?,Specific
"I'm not sure how to reset my internet connection, can you please advise?",General
Can you provide guidance on how to reset my HP LaserJet Printer 4050? I keep getting a paper jam notification but there's no paper stuck in it!,Specific
Can anyone tell me how I can reset the password for my Cisco 2921 router? It's been really frustrating!,Specific
Does anyone have good practices for maintaining tech equipment to avoid future issues?,General
I'm unable to connect my Roku Streaming Stick+ to Wi-Fi; it keeps failing after entering the password.,Specific
Why does my printer keep giving me an error message? Any thoughts on how to fix this?,General
"Why is my Fitbit Charge 4 not syncing with the app? This issue started after the last update, and I'm unsure how to fix it.",Specific
I need assistance because my software isn't responding as expected; it just sits there without any explanation!,General
"My Windows 10 PC is running really slow after the last update. I’m not sure which version it is, but it's been acting up for a week or so now.",Specific
"I keep getting a 'disk not found' message on my HP Pavilion laptop, but I have no idea what to do next.",Specific
What can I do if my software is not responding?,General
I’ve been experiencing problems with my software lately. It just keeps crashing randomly on me.,General
"My computer keeps crashing, and I'm unsure what's causing it. It would be great to get some guidance on this. Just looking to resolve the issue quickly!",General
"Help me out, my printer is acting up. Sometimes it prints, sometimes it doesn't!",General
"What steps should I take if my device keeps disconnecting from Wi-Fi? It's been happening frequently, and I can't figure out the reason.",General
I'm struggling to connect my Canon printer model MG6821 to my Wi-Fi network. It keeps failing on the setup wizard.,Specific
"I’ve been experiencing random crashes on my software. Not sure what could be causing it, any thoughts?",General
I need help with my computer; it's running really slow lately.,General
"I'm having trouble with my internet connection, can someone help me?",General
What should I do if my network connection keeps dropping? I don't know where to start to diagnose the problem.,General
"I'm having trouble with my computer, it seems really slow sometimes and I just don't know what to do about it.",General
There is a recurring issue with my Canon EOS 5D Mark IV where it won't focus correctly. I've tried adjusting the settings but it doesn't seem to help. Can you provide any advice?,Specific
I'm having some issues with my computer and I don't know what to do next.,General
Can anyone tell me how to get better performance from my software? I'm just feeling lost with it at the moment.,General
My Logitech G502 mouse isn't responding; it just started acting up during a gaming session. What can I do?,Specific
"Since the latest iOS update, my iPad has been unusually laggy. I have an iPad Pro 11-inch 2018 model, and this is really frustrating. Any solutions?",Specific
Can you tell me how to reset the printer model HP LaserJet Pro M404dn? I'm having issues with the print quality.,Specific
"There's a problem with my application, but I don't know if it's related to my device or just the app itself. Can someone clarify things for me?",General
Can someone help me with the setup process for the Cisco ASA 5506-X firewall? I'm getting lost with all the configurations.,Specific
"I keep getting an error code 0x80070057 when I try to update my Windows OS, any solutions?",Specific
The sound on my LG Smart TV isn't working after I updated the firmware; it worked fine before. Any help to fix this would be appreciated.,Specific
"I don't know how to connect my phone to the Wi-Fi, it's just not working and I can't find the settings.",General
"Sometimes my phone just shuts down, and I don't know why. Help!",General
"I just want to know why my Wi-Fi keeps disconnecting. I’ve already restarted the router, but it didn't help. What should I check?",Specific
Why is my MacBook Air running so slow after the updates? I've noticed a significant drop in performance since the last upgrade.,Specific
I'm having an issue with my computer and I don't know how to fix it.,General
How can I reset my iPhone 12 if it's frozen? I tried the usual method but it didn't work this time.,Specific
Can someone explain how to set up my internet connection?,General
"Is there a way to speed up my Wi-Fi at home? I feel like the connection is always weak, and I'm not sure how to improve it.",General
"I need assistance resetting my Ring Doorbell Pro, but I can't find the instructions anywhere.",Specific
What could be causing my network connection to be so slow lately? This has been an ongoing problem.,General
"I tried updating my Canon PIXMA printer, but it failed and now shows an error message. What should I do?",Specific
"Does anyone know what to do when your laptop won't start? I've tried charging it, but it still won't boot up. Help!",General
I've been trying to connect my Logitech MX Master 3 mouse to my PC but it keeps dropping the connection. What can I do to fix this?,Specific
Is there a way to boost the performance of my older hardware?,General
"The app I downloaded from the Google Play Store isn't working on my Motorola Moto G Power. I've tried reinstalling it, but the problem persists.",Specific
"I can't seem to find a way to reset the password for my Netgear Nighthawk router, model RAX80. It's been driving me crazy!",Specific
"How do I improve the performance of my gaming PC? It feels like it’s lagging lately, but I can't pinpoint why.",General
My laptop model X1234 keeps crashing with error code 0x0000007B. What steps can I take to resolve this?,Specific
"My laptop, a Dell XPS 13, won't start up properly and displays a blue screen. Is there a fix for this error code?",Specific
I'm having trouble with my HP DeskJet 2645 printer. It keeps showing a 'paper jam' error even though there's no jammed paper.,Specific
"There's a blue screen error on my Dell XPS 15, and I need to know how to troubleshoot it effectively.",Specific
I received an error message while trying to update my Adobe Photoshop software. It says 'Update Failed: Error 47'. What does that mean?,Specific
Can you tell me how to reset my Apple AirPods Pro? I think they’re not syncing properly with my iPhone 12.,Specific
"I have an issue with my internet connection. It was working fine, then suddenly stopped and I don't know what to do.",General
"I'm trying to configure my Netgear Nighthawk router, but the app keeps crashing on my iPhone.",Specific
Can someone explain why my Microsoft Surface Pro 7 keeps freezing during updates? I’ve already tried rebooting it several times.,Specific
What should I do if my laptop seems to be running slow lately?,General
"My computer isn't running well, and I don't really know what to do next, can you help?",General
There's a message on my phone saying that storage is full. What are the steps to free up some space? I'm not very familiar with this.,General
"I need assistance with my Adobe Acrobat software; every time I try to save a PDF, I get an 'access denied' message. What is causing this?",Specific
Could someone guide me on how to enhance the performance of my laptop? It is running slowly and I am not sure what to upgrade.,General
"I've been trying to connect my printer to the Wi-Fi, but nothing seems to work, any ideas?",General
"There are some features in my account that are not working, and I'm a bit lost on why. I've checked everything I can think of.",General
"I've been trying to install the latest version of Adobe Photoshop, but I keep getting an error message about my graphics driver. It's a GeForce GTX 1650. What's the fix?",Specific
I'm having a problem with my computer. Can you help me figure it out?,General
"Hi, I'm struggling with setting up my Netgear Nighthawk router. The manual isn't clear, and I'm not sure how to access the admin interface.",Specific
"My Apple iPhone 12 won't connect to Wi-Fi anymore. It used to work fine, what happened?",Specific
"I've been encountering a blue screen error with my Dell XPS 13, specifically something about a 'Driver IRQL Not Less Or Equal'. What can I do to fix this?",Specific
"My audio seems off, can someone suggest some things to check? I don't know if it's a settings issue or something else.",General
Is there any way to restore my PlayStation 4 back to factory settings? I'm facing issues with game updates failing.,Specific
What should I do if my device suddenly restarts without any reason?,General
Can someone explain how to solve the problem with my internet speed? It’s really slow and I’m not sure why.,General
"I need tips on how to setup a home office, but I'm not sure what equipment I should prioritize. A little guidance would be helpful.",General
"There’s something not working right with my application, and I have no clue if it's a setting or a bug causing it.",General
"I'm facing some connectivity issues with my device, but I’m not sure if it’s a settings problem or something else. Any guidance?",General
"What should I do if my computer is running slow? It feels like something is wrong, but I'm not sure where to start looking.",General
I need help with my Wi-Fi settings on the Netgear Nighthawk RAX50; it keeps dropping connections. What could be the problem?,Specific
"How do I fix my internet connection? It keeps dropping, and I'm tired of it!",General
The error code E1 keeps popping up on my Samsung Galaxy S21 while trying to update the software.,Specific
My Garmin GPS is showing a 'No Maps Available' error. I need to know how to reinstall the maps without losing my saved locations.,Specific
Could I get assistance for the issues I’m facing in accessing some of my software? It’s been a hassle lately.,General
I keep getting an error code 0x8007016A while trying to sync my OneDrive on the Surface Pro 7.,Specific
"I was wondering why some laptops tend to overheat, could you explain that?",General
"My laptop won't start, and I'm not sure if it's a battery issue or something else. Can you assist?",General
Can someone explain how to fix connectivity issues? My internet is hit or miss and I’m not sure why it's acting up.,General
"After installing the latest firmware on my Sony PlayStation 5, it keeps crashing. Anyone else facing this?",Specific
Does anyone know why my HP LaserJet P1102 printer shows a 'paper jam' error even though there’s no paper stuck in it?,Specific
I’m trying to recover my password for my Fitbit account but the link they sent keeps giving me a 404 error. What can I do?,Specific
"My smartphone isn't functioning properly, but I don't have the exact error message or model number. I'm just looking for advice.",General
"My software has been crashing a lot lately. I’m not sure if it’s a bug or something else, but I need advice on what to do next.",General
I'm having some issues with my computer.,General
What can I do about my LG OLED55CXPUA TV that won’t turn on? I’ve already tried replacing the remote batteries.,Specific
"My Fitbit Charge 4 keeps syncing incorrectly with the app, showing wrong step counts. I think it might need a firmware update.",Specific
"I'm having trouble with my HP LaserJet Pro M404dn. It keeps showing an error code 49.00, and I'm not sure how to fix it.",Specific
"My laptop model HP Pavilion 15 is overheating, especially when I run heavy software like Photoshop. What can I do to prevent this?",Specific
I'm having issues with my Dell XPS 13 laptop; it keeps freezing when I open the webcam.,Specific
What are some general troubleshooting steps for when my printer won't connect to my Wi-Fi? I’ve tried a few things but nothing seems to work.,General
"If I wanted to troubleshoot a printer issue, what general steps should I follow to figure out what’s wrong? I can't print anything at the moment.",General
What should I do when my software keeps updating and it's annoying? I feel like it happens way too often and I need a way to manage it.,General
Can you provide troubleshooting steps for my DSL modem when the internet connection drops intermittently?,Specific
"My laptop, a Dell XPS 13, frequently overheats and shuts down unexpectedly. Are there any known issues or fixes for this model?",Specific
"I just purchased a Logitech G502 mouse, and I'm having trouble configuring it with the Logitech Gaming Software. How do I set up the macros?",Specific
"Could someone help me with setting up the VoIP on my Cisco 8841 phone model? I'm struggling with the configuration menu, and it's all quite confusing!",Specific
"The connection to my Netgear router keeps dropping. It's an Nighthawk RAX50, and I've already tried resetting it but no luck.",Specific
My computer is really slow and I don't know why. It just started happening recently. Any ideas?,General
"Could you help me with my computer, it's acting funny all of a sudden?",General
"My Fitbit Charge 5 won’t sync with my phone anymore, and I already tried the usual troubleshooting steps. Is there a way to factory reset it?",Specific
I've been having issues with my Canon EOS 90D camera showing a 'Lens Error' message. How can I resolve this?,Specific
"Sometimes my phone just shuts down randomly, and I'm confused about what's happening.",General
My Logitech G502 mouse isn't recognized by my computer anymore; I've tried all the USB ports but no luck.,Specific
"Whenever I try to install the latest update on my PS5, it fails and gives me an error code CE-108255-1. What should I do about that?",Specific
"There's a problem with my printer, but I can’t pinpoint what’s causing it to not print anything at all. Can you assist?",General
My Samsung Galaxy S21 keeps shutting down unexpectedly after the recent software update. What can I do about it?,Specific
Can someone help me? My printer isn't working properly and I'm not sure if it's a driver issue or something else.,General
I keep encountering a blue screen with the error code 0x0000007B on my Windows 10 laptop. Any advice on how to resolve this?,Specific
"My printer has been giving me problems lately, but I'm not sure if it's the drivers or something else. Can anyone suggest what I should consider?",General
I need guidance on how to reinstall the Windows 10 OS on my Acer Aspire 5. I’ve been facing performance issues lately.,Specific
"My Xbox One won't launch any games, it just shows a black screen. Are there any steps I can take to resolve this?",Specific
"Sometimes my laptop freezes, and I wonder if there's a way to fix it without reinstalling everything.",General
I think there’s an issue with my Netgear router. It keeps dropping the WiFi connection every few minutes. Any specific troubleshooting steps?,Specific
Can anyone help me with the error code 0x80070005 that pops up when I try to update my Windows 10? It’s really frustrating!,Specific
"Why is my Asus RT-AC68U router dropping connections frequently? I've reset it, but the problem persists.",Specific
"My laptop is acting strangely, like it freezes at times. Not sure what's causing it or how to fix it. Any thoughts?",General
I need assistance with a problem I encountered while using an application. It's just not functioning as expected but I can't pinpoint the issue.,General
There’s an issue with the Adobe Creative Cloud installation on my laptop. It won’t let me sign in and shows a network error. What do I need to check?,Specific
The error code 404 keeps popping up when I try to access my account on the website. Can you guide me on how to fix this issue?,Specific
"My laptop isn't connecting to the internet. Any ideas on what I should check? I don't really know where to start, though.",General
My phone doesn't seem to be charging properly sometimes; could you tell me what the issue might be?,General
"I really need assistance with some application issues that keep coming up, but I can't pinpoint what's causing them.",General
My Xbox One keeps giving a disc read error. Is there a way to fix this without sending it for repairs?,Specific
Could you provide me with the troubleshooting steps for the Dell XPS 13 that won't turn on after a recent Windows update?,Specific
There's a problem with my iPhone 12's Face ID; it says it's not available. What should I do?,Specific
Can anybody help with a mysterious issue regarding slow loading times for various websites? It's really frustrating!,General
"After installing the new drivers for my NVIDIA GTX 3080, my gaming setup crashes. What should I do?",Specific
"There are these errors popping up on my screen, but I'm really unclear on what they mean or how to fix them.",General
The Samsung Galaxy S21 screen suddenly went black. What steps should I take to fix this?,Specific
There seems to be a problem with the software on my laptop and I am not sure how to resolve it. I'm looking for some guidance.,General
"I've lost the manual for my Brother printer, can someone point me to a specific guide to help with wireless setup?",Specific
"The printer model HP LaserJet Pro M404dn is giving me a paper jam error, can you help?",Specific
"Can you help me? I think I might have accidentally deleted System32 on my Windows 10 PC, is there any way to recover it?",Specific
Can you guide me through the steps to reinstall the graphics driver for my AMD Radeon RX 580 GPU?,Specific
"I'm trying to install Adobe Photoshop CC 2021 on my Mac, but I'm getting an installation error that says 'could not initialize'. I’ve already checked the disk space and it seems fine. Any pointers?",Specific
"Why does my phone keep crashing? I never know what's causing the problems, it just happens randomly.",General
I received an error message on my Windows 10 PC saying 'Memory Management' when I try to play games. What's wrong?,Specific
Can you provide the steps to configure the advanced settings on the Cisco router? I'm having some issues with the connection speed.,Specific
"I'm having issues with a program that keeps throwing errors, but I don't know what to check first.",General
I need assistance with something. It's just not working and I can't get it to turn back on. Help!,General
"I’m having trouble with my Windows 10 laptop, specifically the error code 0x80070057. What does it mean?",Specific
I was wondering if anyone could help me figure out why my internet connection keeps dropping throughout the day. It's really frustrating.,General
"Can someone explain why my ASUS ROG Strix laptop is overheating while playing games? I just got it last month, and I’m worried about the heat damage.",Specific
"My Dell XPS 13 laptop suddenly won’t turn on after I updated to Windows 11. I think it’s related to the update, but I’m not sure.",Specific
Can you give me some general tips on improving my computer's performance? It's been lagging recently.,General
"I keep getting an error message on my computer, can you assist me with that?",General
"Can you tell me how to improve the performance of my software? It's been lagging, and I need some advice.",General
"The screen on my device keeps flickering, and I'm not sure what could be causing it. Any suggestions would be appreciated!",General
I can't access the settings on my Netgear router Nighthawk R7000P. It returns a 404 error when I try to log in. What should I do?,Specific
"I’m having issues with my laptop, but I don’t know what the problem is. It just doesn’t turn on sometimes.",General
My laptop is overheating and I'm not sure what to check first. Any advice?,General
Can someone help me understand why my device isn't working? I think it has something to do with the settings.,General
"My email seems to not send messages sometimes and I can't figure out why it’s doing this, can someone advise?",General
My Samsung Smart TV model UN55NU8000 isn’t connecting to the internet. Can you advise me on how to troubleshoot this?,Specific
Why does my Microsoft Office 365 keep crashing whenever I try to open an Excel document? I can't get any work done!,Specific
"I’m not sure what’s wrong, but my printer seems to be malfunctioning. It just won’t print anything at all anymore, and I feel like I’m missing something important.",General
What should I do if my iPhone 12 keeps freezing during calls? I've already tried restarting it but the issue persists.,Specific
"I keep getting a blue screen on my Dell XPS 13. Is there a known fix for this issue, particularly in the 2020 model?",Specific
I'm looking to troubleshoot my Netgear Nighthawk router because the Wi-Fi keeps dropping. Any specific steps I should follow?,Specific
"My software crashes frequently, and I have no idea why. What might I look into to resolve this?",General
"Every time I open Adobe Creative Cloud, it crashes and gives me a notification that says 'Application Error 43'. What can I do to fix this?",Specific
"There's an error occurring on my tech, but I don't know what it means. Can you provide some insights? I really need support!",General
Why is my phone not charging properly? It just doesn't seem to work.,General
"After my last update, my applications are behaving erratically. What are some common fixes I could try?",General
I just want to know if there's a way to enhance my internet speed without changing my router. Is that possible?,General
Why is my Fitbit Versa 2 not syncing with the app anymore? I've tried restarting both the watch and my phone.,Specific
"How can I improve my overall workflow? I feel like my current setup is not efficient, and I'd like suggestions on general productivity tools.",General
Why does my iPhone 12 occasionally freeze when I open Instagram? Is there a known issue with this version?,Specific
"I'm looking for help with my Dell XPS 15 laptop that keeps overheating. I think it might be a hardware issue, but I'm not sure what to check first.",Specific
I recently bought a Surface Pro 7 and I’m having trouble with the touch screen not responding. It’s really frustrating trying to use it!,Specific
"I’m having trouble connecting to my VPN. It just won’t establish a connection, and I’m not really sure what steps to take to figure this out.",General
Can someone help me troubleshoot my Microsoft Surface Pro 7? It won’t turn on at all after the recent update. Any ideas?,Specific
Can someone help me with a problem I'm facing? I just need general advice on troubleshooting my software.,General
"My laptop feels slow and unresponsive. Is there anything I can do to improve its performance? I'm not too tech-savvy, so I need a step-by-step guide.",General
"I'm facing issues with my Adobe Illustrator CC crashing unexpectedly. It happens during file export, and I've already reinstalled the software.",Specific
The Microsoft Office installation on my new laptop keeps failing with error code 30029-1011. How can I resolve this?,Specific
"I’m experiencing some lag while playing games, and I’m not sure if it’s my connection or the settings. Need some advice on this.",General
"Hi, I'm seeking advice on general maintenance for my computer to keep it running smoothly. It seems to be slower than usual lately.",General
"Can someone explain how to reset settings on a device? I think it could help resolve my ongoing issues, but I'm lost on the steps.",General
"I'm having trouble with my Dell XPS 13 laptop, it keeps freezing when I open certain applications.",Specific
"I'm experiencing issues with my setup, but I'm not exactly sure what's wrong. Any advice?",General
"I think my laptop is dying, it's just not functioning like it used to. What should I look for?",General
I'm having an issue with my Canon EOS 90D camera where the autofocus isn't working properly. Can you help me troubleshoot this?,Specific
I’m having issues with my Nest Thermostat; it's not connecting to Wi-Fi after I changed my internet provider. How can I fix this?,Specific
"I think my phone battery drains too quickly, but I'm not sure if it's a problem with the device or my usage habits. Any input?",General
I received an error code 0x80004005 while trying to update my Windows. Any idea on how to fix this issue?,Specific
Can you tell me how to update my software? I'm a bit lost as to where to start and what steps to follow.,General
My Wi-Fi connection drops frequently with the Arris Surfboard modem SB8200. What can I do?,Specific
"The printer at the office seems to be acting up again. I don't know what could be causing the problems, but it's really disrupting our workflow.",General
"Could you please provide instructions for resetting the password on my Samsung Galaxy S21? It's been acting up lately, and I just need to access my apps again.",Specific
"My phone is not working properly, it keeps freezing and I can't figure out what's wrong with it. Can you assist?",General
My computer keeps crashing and I really need assistance. It's really frustrating!,General
"Hey, I need help with my Samsung Galaxy S21. It won't charge even after trying multiple cables and chargers!",Specific
"Something feels off with my server, but I'm not exactly sure what it could be. Any input on common problems would be appreciated.",General
Why does my laptop keep overheating?,General
I received a notification from my Google Nest Thermostat; it says 'WiFi disconnected' and I can't figure out how to reconnect it.,Specific
What do I do if my computer doesn't turn on?,General
"My Dell XPS 13 laptop is making a strange noise, specifically near the fan. Is that normal?",Specific
"My external hard drive (Seagate Expansion) isn't being recognized by my computer. I've tried all the USB ports, but still nothing.",Specific
Can you help me with issues I'm facing with my device?,General
"My Fitbit Charge 4 won’t sync with the app anymore. I’ve restarted both devices, but it still doesn’t work. Anyone else having this issue?",Specific
